학교명,주소,행정동,위도,경도
서울숭신초등학교,서울특별시 성동구 마장로 161,왕십리도선동,37.5662545,127.0351564
한양초등학교,서울특별시 성동구 살곶이길 208,사근동,37.57077,127.04234
세종초등학교,서울특별시 광진구 군자로 114,군자동,37.5441637,127.0717888
성동초등학교,서울특별시 광진구 자양로4길 63,자양2동,37.5323738,127.0883773
서울행현초등학교,서울특별시 성동구 행당로 95,행당2동,37.55563,127.02528
서울행당초등학교,서울특별시 성동구 고산자로8길 6,행당1동,37.5585626,127.0373084
서울중마초등학교,서울특별시 광진구 동일로72길 43,중곡3동,37.5658243,127.0796769
서울중광초등학교,서울특별시 광진구 긴고랑로13길 59,중곡3동,37.5631813,127.0819859
서울장안초등학교,서울특별시 광진구 군자로 74,군자동,37.5539538,127.0749388
서울자양초등학교,서울특별시 광진구 아차산로44길 26,자양1동,37.5362057,127.0802355
서울응봉초등학교,서울특별시 성동구 독서당로62길 28,응봉동,37.5496982,127.0315484
서울용마초등학교,서울특별시 광진구 천호대로113길 10,중곡2동,37.558182,127.0846013
서울용답초등학교,서울특별시 성동구 용답25길 1,용답동,37.5612027,127.0542025
서울용곡초등학교,서울특별시 광진구 용마산로22길 82,중곡4동,37.5652341,127.087498
서울옥정초등학교,서울특별시 성동구 한림말길 43,옥수동,37.5405673,127.0133581
서울옥수초등학교,서울특별시 성동구 금호로1길 25,금호4가동,37.5479869,127.0240138
서울양진초등학교,서울특별시 광진구 워커힐로 32,광장동,37.5463039,127.0980181
서울양남초등학교,서울특별시 광진구 뚝섬로64길 71,자양2동,37.5330439,127.0888302
서울신자초등학교,서울특별시 광진구 뚝섬로46길 64,자양2동,37.5313264,127.0765933
서울신양초등학교,서울특별시 광진구 능동로 42,자양3동,37.5339134,127.0679261
서울송원초등학교,서울특별시 성동구 동일로43길 9,송정동,37.5549166,127.069682
서울성자초등학교,서울특별시 광진구 뚝섬로56길 7,자양2동,37.5298042,127.0821658
서울성수초등학교,서울특별시 성동구 아차산로17길 21,성수2가3동,37.5442441,127.0634367
서울사근초등학교,서울특별시 성동구 사근동11길 16,사근동,37.5631097,127.0468698
서울무학초등학교,서울특별시 성동구 무학봉15길 21,왕십리2동,37.5626006,127.03076
서울마장초등학교,서울특별시 성동구 마장로35나길 31,마장동,37.5689129,127.0403192
서울동호초등학교,서울특별시 성동구 매봉길 49-35,옥수동,37.5459337,127.0158342
서울동자초등학교,서울특별시 광진구 뚝섬로 561,자양3동,37.53225,127.07886
서울동의초등학교,서울특별시 광진구 영화사로 111,구의2동,37.5546912,127.0962488
서울동명초등학교,서울특별시 성동구 마장로29길 29,마장동,37.5686792,127.036496
서울금호초등학교,서울특별시 성동구 무수막길 69,금호2.3가동,37.5509035,127.0231576
서울금옥초등학교,서울특별시 성동구 독서당로 251,금호4가동,37.5538073,127.0335861
서울금북초등학교,서울특별시 성동구 행당로1길 13,금호1가동,37.5560069,127.0240787
서울구의초등학교,서울특별시 광진구 광나루로30길 49,화양동,37.5433624,127.0815049
서울구남초등학교,서울특별시 광진구 구의강변로 69,구의3동,37.5386365,127.0938977
서울광진초등학교,서울특별시 광진구 자양로40길 41,구의2동,37.547771,127.0902816
서울광장초등학교,서울특별시 광진구 광장로1길 27,광장동,37.5474391,127.1022341
서울광남초등학교,서울특별시 광진구 아차산로70길 35,광장동,37.5415459,127.1024404
서울경일초등학교,서울특별시 성동구 뚝섬로 332,성수1가1동,37.5439495,127.0361144
서울경수초등학교,서울특별시 성동구 뚝섬로13길 22,성수2가1동,37.5398453,127.0577343
서울경동초등학교,서울특별시 성동구 성수일로 34,성수1가1동,37.5469835,127.0509327
경복초등학교,서울특별시 광진구 천호대로130길 58,능동,37.5495265,127.0878389
중앙대학교사범대학부속초등학교,서울특별시 동작구 서달로 135,흑석동,37.504266,126.9607704
서울흑석초등학교,서울특별시 동작구 현충로 87,흑석동,37.501805,126.9806206
서울행림초등학교,서울특별시 동작구 솔밭로 47,사당5동,37.4854348,126.9681859
서울청룡초등학교,서울특별시 관악구 관악로5길 61,청룡동,37.4753839,126.9518159
서울조원초등학교,서울특별시 관악구 조원로 67,조원동,37.4853076,126.91645
서울인헌초등학교,서울특별시 관악구 낙성대로 23,낙성대동,37.476626,126.9599395
서울은천초등학교,서울특별시 관악구 은천로 69,은천동,37.4868596,126.9477174
서울은로초등학교,서울특별시 동작구 서달로 115,흑석동,37.504266,126.9607704
서울원신초등학교,서울특별시 관악구 광신길 177,삼성동,37.4668433,126.9273776
서울원당초등학교,서울특별시 관악구 봉천로 505,행운동,37.48101915,126.9561924
서울영화초등학교,서울특별시 동작구 등용로8길 3,대방동,37.5070143,126.933918
서울영본초등학교,서울특별시 동작구 만양로12가길 69,노량진1동,37.5115687,126.9482296
서울신우초등학교,서울특별시 관악구 호암로 498,삼성동,37.46277445,126.9323913
서울신성초등학교,서울특별시 관악구 신림로 114,서림동,37.4709068,126.9419211
서울신상도초등학교,서울특별시 동작구 장승배기로 14,상도2동,37.5132134,126.9402084
서울신봉초등학교,서울특별시 관악구 양녕로6나길 1,중앙동,37.485093,126.9493046
서울신림초등학교,서울특별시 관악구 문성로28길 31,신원동,37.47732345,126.9274477
서울신남성초등학교,서울특별시 동작구 사당로 146,사당5동,37.4844823,126.9795463
서울신길초등학교,서울특별시 동작구 알마타길 16,대방동,37.51040245,126.9265609
서울상현초등학교,서울특별시 동작구 상도로58길 21,상도1동,37.4949566,126.9520593
서울상도초등학교,서울특별시 동작구 성대로21길 62,상도4동,37.5007393,126.9367602
서울삼일초등학교,서울특별시 동작구 사당로23나길 27,사당3동,37.48775,126.975329
서울삼성초등학교,서울특별시 관악구 대학7길 52,대학동,37.4683806,126.9392647
서울사당초등학교,서울특별시 관악구 남현4길 51,남현동,37.4749954,126.9751624
서울봉현초등학교,서울특별시 관악구 성현로 117,성현동,37.4930021,126.9455286
서울봉천초등학교,서울특별시 관악구 행운1라길 17,행운동,37.4815265,126.9584837
서울본동초등학교,서울특별시 동작구 노량진로26길 16-40,노량진1동,37.5108158,126.9551169
서울보라매초등학교,서울특별시 동작구 여의대방로16길 30,신대방2동,37.4943788,126.9164443
서울미성초등학교,서울특별시 관악구 문성로 79,미성동,37.4781522,126.9190499
서울문창초등학교,서울특별시 동작구 신대방2길 14,신대방1동,37.4884731,126.913178
서울동작초등학교,서울특별시 동작구 동작대로29길 214,사당2동,37.4882432,126.9798002
서울대림초등학교,서울특별시 동작구 대방동1길 22,대방동,37.5003177,126.9240454
서울당곡초등학교,서울특별시 관악구 보라매로2길 23,보라매동,37.4900131,126.9290641
서울노량진초등학교,서울특별시 동작구 장승배기로 160,노량진1동,37.5051786,126.9393996
서울남성초등학교,서울특별시 동작구 사당로23길 57-14,사당3동,37.4859266,126.9754425
서울남사초등학교,서울특별시 동작구 동작대로13길 22,사당1동,37.4825309,126.9788723
서울남부초등학교,서울특별시 관악구 남부순환로163길 14,신사동,37.485149,126.9212822
서울난향초등학교,서울특별시 관악구 난향길 9,난향동,37.4623576,126.9162913
서울난우초등학교,서울특별시 관악구 난우길 40,미성동,37.47695315,126.9176629
서울난곡초등학교,서울특별시 관악구 난곡로35길 102,난곡동,37.4694693,126.9168376
서울구암초등학교,서울특별시 관악구 구암길 1,성현동,37.4898891,126.9465925
서울관악초등학교,서울 관악구 청룡4길 49,청룡동,37.4805626,126.9432619
서울강남초등학교,서울특별시 동작구 강남초등길 15,상도1동,37.5060831,126.9521762
서울위례솔초등학교,서울특별시 송파구 위례북로2길 12,위례동,0,0
서울강빛초등학교,서울특별시 강동구 아리수로93다길 1,강일동,37.5742075,127.1734422
서울고현초등학교,서울특별시 강동구 상일로11길 110,상일1동,37.5535622,127.1687411
서울해누리초등학교,서울특별시 송파구 송파대로37길 95,가락1동,37.4983436,127.1025969
서울강솔초등학교,서울특별시 강동구 고덕로97길 80,강일동,37.562989,127.1792819
서울위례별초등학교,서울특별시 송파구 위례광장로 243,위례동,37.47883955,127.1450546
서울한산초등학교,서울특별시 강동구 풍성로 261,둔촌2동,37.5279735,127.1414364
서울풍성초등학교,서울특별시 송파구 강동대로2길 13,풍납2동,37.5249149,127.1112308
서울풍납초등학교,서울특별시 송파구 풍성로 43,풍납1동,37.5351945,127.1181987
서울평화초등학교,서울특별시 송파구 송파대로26길 22,가락본동,37.4913113,127.1213353
서울토성초등학교,서울특별시 송파구 풍성로20길 44,풍납2동,37.5309909,127.1144964
서울천호초등학교,서울특별시 강동구 구천면로 310-11,천호1동,37.5433432,127.1326827
서울천일초등학교,서울특별시 강동구 구천면로 266,천호1동,37.5439587,127.1331352
서울천동초등학교,서울특별시 강동구 성안로 200,길동,37.53206,127.13276
서울중대초등학교,서울특별시 송파구 송파대로36길 8,송파2동,37.5000987,127.1138552
서울잠현초등학교,서울특별시 송파구 올림픽로37길 109,잠실4동,37.5230644,127.1095926
서울잠전초등학교,서울특별시 송파구 올림픽로12길 51,잠실본동,37.5111975,127.0819626
서울잠일초등학교,서울특별시 송파구 올림픽로 95,잠실2동,37.5303962,127.1199025
서울잠실초등학교,서울특별시 송파구 올림픽로35길 20,잠실4동,37.5169432,127.1006198
서울잠신초등학교,서울특별시 송파구 잠실로 32,잠실2동,37.513417,127.1066151
서울잠동초등학교,서울특별시 송파구 올림픽로35길 122,잠실6동,37.5169432,127.1006198
서울위례초등학교,서울특별시 강동구 명일로 23,둔촌1동,37.5284894,127.1424373
서울오륜초등학교,서울특별시 송파구 양재대로 1196,오륜동,37.5001856,127.1185973
서울오금초등학교,서울특별시 송파구 위례성대로22길 11,오금동,37.5088917,127.130305
서울영풍초등학교,서울특별시 송파구 오금로57길 15,거여1동,37.4952439,127.1411986
서울아주초등학교,서울특별시 송파구 올림픽로4길 59,잠실7동,37.5068569,127.0746595
서울신천초등학교,서울특별시 송파구 올림픽로 215,잠실3동,37.5303962,127.1199025
서울신암초등학교,서울특별시 강동구 올림픽로93길 33-16,암사2동,37.5497797,127.1251512
서울신명초등학교,서울특별시 강동구 명일로24길 33,길동,37.5418634,127.1481606
서울신가초등학교,서울특별시 송파구 송이로 75,가락본동,37.5027048,127.1167066
서울송파초등학교,서울특별시 송파구 백제고분로 400,송파1동,37.50706605,127.1108016
서울송전초등학교,서울특별시 송파구 석촌호수로 159,잠실3동,37.5085206,127.0873192
서울송례초등학교,서울특별시 송파구 위례순환로 439,위례동,37.4777023,127.1385625
서울세륜초등학교,서울특별시 송파구 양재대로 1264,오륜동,37.5001856,127.1185973
서울성일초등학교,서울특별시 강동구 성내로15길 33,성내1동,37.5279455,127.1284946
서울성내초등학교,서울특별시 강동구 성내로3길 19,성내1동,37.5313813,127.1234485
서울선사초등학교,서울특별시 강동구 올림픽로 837,암사2동,37.5420017,127.1246024
서울선린초등학교,서울특별시 강동구 진황도로61길 29,둔촌2동,37.5288333,127.1448698
서울석촌초등학교,서울특별시 송파구 가락로11길 26,석촌동,37.5024724,127.1040045
서울상일초등학교,서울특별시 강동구 천호대로 1477,상일1동,37.533424,127.1398693
서울삼전초등학교,서울특별시 송파구 백제고분로28길 19,삼전동,37.5022617,127.0920834
서울버들초등학교,서울특별시 송파구 석촌호수로 81,잠실3동,37.5085206,127.0873192
서울방이초등학교,서울특별시 송파구 위례성대로10길 4,방이1동,37.5110319,127.1201762
서울방산초등학교,서울특별시 송파구 오금로27길 42,방이1동,37.50937285,127.1209555
서울문현초등학교,서울특별시 송파구 충민로 137,장지동,37.4795944,127.1265835
서울문정초등학교,서울특별시 송파구 문정로5길 20,문정1동,37.4883354,127.1281176
서울문덕초등학교,서울특별시 송파구 송이로34길 60,장지동,37.4851203,127.1298992
서울묘곡초등학교,서울특별시 강동구 동남로79길 46,고덕1동,37.5575905,127.1542149
서울명일초등학교,서울특별시 강동구 고덕로38길 8,암사1동,37.55259895,127.1430798
서울명원초등학교,서울특별시 강동구 명일로 364,명일2동,37.5366605,127.1457739
서울명덕초등학교,서울특별시 강동구 양재대로156길 11,고덕1동,37.55691115,127.1454677
서울마천초등학교,서울특별시 송파구 마천로61다길 24,마천1동,37.4940401,127.1527489
서울둔촌초등학교,서울특별시 강동구 양재대로88길 27,둔촌1동,37.5255904,127.1354174
서울대명초등학교,서울특별시 강동구 상암로 271,명일2동,37.5480509,127.1323866
서울남천초등학교,서울특별시 송파구 성내천로 207,마천2동,37.5009625,127.1509178
서울길동초등학교,서울특별시 강동구 양재대로116길 69,길동,37.5380392,127.1433706
서울고일초등학교,서울특별시 강동구 구천면로93길 20,상일1동,37.5516069,127.1682485
서울고명초등학교,서울특별시 강동구 고덕로46길 53,명일1동,37.5521734,127.1461969
서울고덕초등학교,서울특별시 강동구 아리수로82길 42,고덕2동,37.5619875,127.1674868
서울거원초등학교,서울특별시 송파구 양산로2길 26,거여2동,37.4884261,127.1443866
서울거여초등학교,서울특별시 송파구 마천로25길 18,오금동,37.5080025,127.1403446
서울개롱초등학교,서울특별시 송파구 문정로 211,오금동,37.49709015,127.1397151
서울강일초등학교,서울특별시 강동구 아리수로98길 24,강일동,37.5650179,127.1772487
서울강명초등학교,서울특별시 강동구 상일로 74-1,상일2동,37.561994,127.1704878
서울강동초등학교,서울특별시 강동구 상암로14길 77,천호2동,37.5490696,127.12996
서울강덕초등학교,서울특별시 강동구 동남로82길 94-54,고덕2동,37.5609074,127.1577464
서울가주초등학교,서울특별시 송파구 오금로40길 37,가락2동,37.4966169,127.1271375
서울가원초등학교,서울특별시 송파구 중대로4길 8,문정2동,37.4884844,127.112549
서울가락초등학교,서울특별시 송파구 송파대로37길 45,가락1동,37.4998242,127.1078504
서울가동초등학교,서울특별시 송파구 중대로20길 47,가락2동,37.4975793,127.1271081
우촌초등학교,서울특별시 성북구 성북로4길 52-1,돈암2동,37.5955566,127.0116847
영훈초등학교,서울특별시 강북구 도봉로13가길 19,송천동,37.6147398,127.0293074
성신초등학교,서울특별시 성북구 북악산로 918,동선동,37.5976448,127.0219412
매원초등학교,서울특별시 성북구 북악산로 870,돈암1동,37.5976448,127.0219412
대광초등학교,서울특별시 성북구 안암로 5,보문동,37.5848978,127.0315165
광운초등학교,서울특별시 성북구 한천로 694,장위3동,37.6072196,127.0673209
서울화계초등학교,서울특별시 강북구 솔매로50가길 25,송중동,37.6234445,127.0294881
서울청덕초등학교,서울특별시 성북구 정릉로9라길 11,정릉3동,0,0
서울정수초등학교,서울특별시 성북구 정릉로24길 58,정릉2동,37.6042913,127.0073957
서울정릉초등학교,서울특별시 성북구 솔샘로25가길 8,정릉4동,37.6202712,127.0043296
서울정덕초등학교,서울특별시 성북구 아리랑로 63,동선동,37.5962462,127.0154874
서울장위초등학교,서울특별시 성북구 장월로8가길 41,장위2동,37.6112621,127.0493531
서울장월초등학교,서울특별시 성북구 한천로101길 66,장위3동,37.6223144,127.0486905
서울장곡초등학교,서울특별시 성북구 장월로23길 16,장위1동,37.6169994,127.0463069
서울일신초등학교,서울특별시 성북구 월곡로 74,종암동,37.5988145,127.040194
서울인수초등학교,서울특별시 강북구 인수봉로 269,인수동,37.6335413,127.0140166
서울유현초등학교,서울특별시 강북구 인수봉로37길 24,수유1동,37.6316182,127.0128254
서울월곡초등학교,서울특별시 성북구 장월로3길 42,장위2동,37.6101914,127.0455002
서울우이초등학교,서울특별시 강북구 삼양로99길 36,인수동,37.6389763,127.0163811
서울오현초등학교,서울특별시 강북구 월계로 221,번3동,37.6165492,127.0409901
서울안암초등학교,서울특별시 성북구 고려대로7가길 39,안암동,37.5868807,127.0234726
서울숭인초등학교,서울특별시 성북구 오패산로16길 37,월곡1동,37.6085799,127.037837
서울숭례초등학교,서울특별시 성북구 종암로5길 14,종암동,37.5924526,127.0322095
서울숭덕초등학교,서울특별시 성북구 정릉로 279,정릉2동,37.604387,127.0139798
서울숭곡초등학교,서울특별시 성북구 종암로40길 30,월곡1동,37.6093804,127.0317119
서울수유초등학교,서울특별시 강북구 삼양로74길 39,수유1동,37.6300784,127.0192044
서울수송초등학교,서울특별시 강북구 한천로124길 14,번1동,37.637639,127.032948
서울송천초등학교,서울특별시 강북구 삼양로20길 29,송천동,37.6145036,127.0237471
서울송중초등학교,서울특별시 강북구 오현로 9,송중동,37.6295518,127.0394819
서울성북초등학교,서울특별시 성북구 성북로 102-10,성북동,37.5925584,127.0024403
서울석관초등학교,서울특별시 성북구 돌곶이로22길 21,석관동,37.6102079,127.0594029
서울석계초등학교,서울특별시 성북구 한천로58길 273,석관동,37.6136621,127.0660709
서울삼양초등학교,서울특별시 강북구 삼양로49길 17,삼양동,37.6234354,127.0182432
서울삼선초등학교,서울특별시 성북구 보문로29길 106,삼선동,37.5874895,127.0152947
서울삼각산초등학교,서울특별시 강북구 삼양로19길 141,삼각산동,37.6166184,127.0176922
서울번동초등학교,서울특별시 강북구 오현로 204,번3동,37.6295518,127.0394819
서울미양초등학교,서울특별시 강북구 솔샘로 195,삼양동,37.6214025,127.0152535
서울미아초등학교,서울특별시 성북구 삼양로 77,길음1동,37.6042765,127.0251374
서울동신초등학교,서울특별시 성북구 보문사길 50,보문동,37.5848909,127.0165758
서울돈암초등학교,서울특별시 성북구 동소문로13길 38,동선동,37.5967632,127.0123705
서울길음초등학교,서울특별시 성북구 길음로 142,길음1동,37.6041932,127.0240219
서울길원초등학교,서울특별시 성북구 길음로15길 55,길음1동,37.6103416,127.0170487
서울개운초등학교,서울특별시 성북구 정릉로48길 52,돈암1동,37.6025239,127.0275895
서울자곡초등학교,서울특별시 강남구 자곡로 150,세곡동,37.4652137,127.0952705
서울율현초등학교,서울특별시 강남구 밤고개로21길 15,세곡동,37.47456655,127.1083009
서울우솔초등학교,서울특별시 서초구 양재대로2길 74,양재1동,37.4569859,127.019385
서울세명초등학교,서울특별시 강남구 자곡로 55,세곡동,37.4652137,127.0952705
서울우면초등학교,서울특별시 서초구 태봉로 59,양재1동,37.4603907,127.0197806
서울학동초등학교,서울특별시 강남구 선릉로115길 42,논현2동,37.5118806,127.0412296
서울포이초등학교,서울특별시 강남구 개포로22길 87,개포4동,37.4756705,127.0524703
서울청담초등학교,서울특별시 강남구 압구정로71길 9,청담동,37.5284091,127.0470335
서울잠원초등학교,서울특별시 서초구 신반포로16길 15-25,반포2동,37.5019524,126.9957032
서울일원초등학교,서울특별시 강남구 영동대로4길 20,개포2동,37.48944245,127.0764023
서울이수초등학교,서울특별시 서초구 방배천로4길 23,방배2동,37.4779495,126.9834948
서울원촌초등학교,서울특별시 서초구 사평대로45길 26,반포1동,37.5053653,127.0124929
서울원명초등학교,서울특별시 서초구 고무래로 90-6,서초4동,37.5005774,127.0183812
서울우암초등학교,서울특별시 서초구 바우뫼로7길 38,양재1동,37.4712518,127.0246111
서울왕북초등학교,서울특별시 강남구 광평로31길 74,일원본동,37.485454,127.089687
서울영희초등학교,서울특별시 강남구 일원로 21,일원1동,37.4919919,127.0812822
서울역삼초등학교,서울특별시 강남구 강남대로66길 21,역삼1동,37.4918579,127.0316693
서울언주초등학교,서울특별시 강남구 남부순환로363길 19,도곡1동,37.4857167,127.0378493
서울언북초등학교,서울특별시 강남구 삼성로135길 42,청담동,37.5200231,127.0456727
서울언남초등학교,서울특별시 서초구 헌릉로8길 42,내곡동,37.4559295,127.0585038
서울양전초등학교,서울특별시 강남구 개포로 513,개포2동,37.4903771,127.0700308
서울양재초등학교,서울특별시 서초구 바우뫼로18길 14,양재1동,37.4738361,127.0319606
서울압구정초등학교,서울특별시 강남구 압구정로39길 29,압구정동,37.53172705,127.0309643
서울신중초등학교,서울특별시 서초구 남부순환로317길 15,서초3동,37.4804179,127.0105683
서울신동초등학교,서울특별시 서초구 나루터로 15,잠원동,37.5147005,127.0105924
서울신구초등학교,서울특별시 강남구 압구정로18길 28,신사동,37.5236292,127.0249963
서울수서초등학교,서울특별시 강남구 광평로51길 46,수서동,37.4884642,127.1035054
서울서초초등학교,서울특별시 서초구 서운로 178,서초4동,37.49924875,127.0240943
서울서일초등학교,서울특별시 서초구 남부순환로339길 38,서초1동,37.4848804,127.0219038
서울서이초등학교,서울특별시 서초구 서운로 35,서초2동,37.4911638,127.0259873
서울서원초등학교,서울특별시 서초구 고무래로 63,반포1동,37.5005774,127.0183812
서울서래초등학교,서울특별시 서초구 방배로 260,방배본동,37.4751703,127.0017707
서울삼릉초등학교,서울특별시 강남구 봉은사로63길 22,삼성2동,37.5133358,127.0464764
서울봉은초등학교,서울특별시 강남구 학동로 610,삼성1동,37.5203876,127.06093
서울방현초등학교,서울특별시 서초구 효령로4길 58,방배3동,37.4761774,126.9897321
서울방일초등학교,서울특별시 서초구 방배로18길 52,방배1동,37.4869876,126.9998061
서울방배초등학교,서울특별시 서초구 방배중앙로13길 26,방배4동,37.4866884,126.9878076
서울반포초등학교,서울특별시 서초구 신반포로 55-4,반포본동,37.509554,127.0160828
서울반원초등학교,서울특별시 서초구 잠원로3길 28,반포3동,37.5097207,127.0050633
서울매헌초등학교,서울특별시 서초구 언남길 8,양재2동,37.4710387,127.0418519
서울도성초등학교,서울특별시 강남구 역삼로 313,역삼2동,37.5041178,127.0593771
서울도곡초등학교,서울특별시 강남구 선릉로64길 33,대치4동,37.49904435,127.0546963
서울대현초등학교,서울특별시 강남구 역삼로98길 16,대치2동,37.5035035,127.0647166
서울대치초등학교,서울특별시 강남구 양재천로 363,대치1동,37.4876669,127.0551027
서울대청초등학교,서울특별시 강남구 양재대로55길 28,일원1동,37.490633,127.0883533
서울대진초등학교,서울특별시 강남구 개포로109길 74,개포3동,37.4937374,127.0767334
서울대왕초등학교,서울특별시 강남구 헌릉로618길 8,세곡동,37.463676,127.1063516
서울대모초등학교,서울특별시 강남구 광평로20길 27,일원본동,37.4816994,127.0864459
서울대도초등학교,서울특별시 강남구 선릉로 209,도곡2동,37.5198446,127.0403194
서울대곡초등학교,서울특별시 강남구 남부순환로 3022,대치2동,37.4969596,127.0744299
서울논현초등학교,서울특별시 강남구 강남대로120길 33,논현1동,37.5076284,127.0284892
서울구룡초등학교,서울특별시 강남구 개포로 263,개포4동,37.48060215,127.0520606
서울개포초등학교,서울특별시 강남구 삼성로4길 30,개포2동,37.4866181,127.0689921
서울개일초등학교,서울특별시 강남구 개포로 401,개포2동,37.4857103,127.0580384
서울개원초등학교,서울특별시 강남구 선릉로 29,개포1동,37.4814065,127.0585139
계성초등학교,서울특별시 서초구 신반포로19길 23,반포2동,37.504275,126.9944798
유석초등학교,서울특별시 강서구 화곡로69길 9,등촌3동,37.5605276,126.8539662
서울신은초등학교,서울특별시 양천구 신정이펜2로 30,신정3동,37.5141099,126.8313378
서울화일초등학교,서울특별시 강서구 까치산로10길 70,화곡본동,37.5416391,126.8470009
서울화곡초등학교,서울특별시 강서구 초록마을로 28,화곡본동,37.5427051,126.8472693
서울탑산초등학교,서울특별시 강서구 허준로 109,가양2동,37.5664375,126.8525189
서울치현초등학교,서울특별시 강서구 방화대로47길 43,방화3동,37.5761858,126.8127048
서울지향초등학교,서울특별시 양천구 신정로11길 74,신정3동,37.5115004,126.8377484
서울정목초등학교,서울특별시 양천구 목동중앙로3길 30-10,목4동,37.53742445,126.8705443
서울정곡초등학교,서울특별시 강서구 방화대로50길 22,방화3동,37.5771132,126.8179574
서울장수초등학교,서울특별시 양천구 신정로13가길 30,신정3동,37.5121693,126.843483
서울은정초등학교,서울특별시 양천구 목동남로 85,신정7동,37.5098519,126.8698836
서울월촌초등학교,서울특별시 양천구 목동중앙로 132,목5동,37.54022525,126.8768431
서울월정초등학교,서울특별시 강서구 월정로 176,화곡1동,37.53301,126.8365271
서울우장초등학교,서울특별시 강서구 화곡로 263,화곡6동,37.5490624,126.846264
서울영도초등학교,서울특별시 양천구 목동중앙로 70,목5동,37.5320299,126.8682728
서울염창초등학교,서울특별시 강서구 양천로 646-28,염창동,37.5568502,126.8631112
서울염동초등학교,서울특별시 강서구 양천로73길 17,염창동,37.551736,126.8732382
서울염경초등학교,서울특별시 강서구 양천로69길 49,염창동,37.5548311,126.8720968
서울양화초등학교,서울특별시 양천구 목동중앙북로16길 57,목2동,37.54353165,126.874624
서울양천초등학교,서울특별시 강서구 양천로 329,가양1동,37.5568502,126.8631112
서울양원초등학교,서울특별시 양천구 화곡로 16,신월3동,37.5394403,126.8291177
서울양목초등학교,서울특별시 양천구 목동로11길 30,신정4동,37.5231607,126.862026
서울양명초등학교,서울특별시 양천구 중앙로 204,신정1동,37.5197122,126.8531251
서울양동초등학교,서울특별시 양천구 오목로23길 24,신정4동,37.5257497,126.8508336
서울양강초등학교,서울특별시 양천구 오목로 101,신월2동,37.5255269,126.8692563
서울신정초등학교,서울특별시 강서구 곰달래로31가길 27,화곡2동,37.5322543,126.8546247
서울신월초등학교,서울특별시 강서구 강서로31길 48,화곡1동,37.5392884,126.8389587
서울신원초등학교,서울특별시 양천구 남부순환로58길 32,신월3동,37.5294476,126.8314363
서울신서초등학교,서울특별시 양천구 목동서로10길 35,신정1동,37.52182,126.86288
서울신목초등학교,서울특별시 양천구 신목로5길 11-6,신정2동,37.5178506,126.8726772
서울신남초등학교,서울특별시 양천구 남부순환로83길 44,신월6동,37.5165285,126.8433556
서울신기초등학교,서울특별시 양천구 신정로 292,신정3동,37.5120789,126.8554161
서울신곡초등학교,서울특별시 강서구 등촌로13자길 42-14,화곡4동,37.5373096,126.8543981
서울신강초등학교,서울특별시 양천구 중앙로55길 72,신월2동,37.5261845,126.8454224
서울수명초등학교,서울특별시 강서구 수명로1길 84,발산1동,37.5526106,126.8238814
서울송화초등학교,서울특별시 강서구 방화대로34길 2,방화1동,37.56833535,126.8174606
서울송정초등학교,서울특별시 강서구 공항대로3길 18,공항동,37.5624805,126.8102574
서울서정초등학교,서울특별시 양천구 목동로8길 19,목1동,37.5146044,126.8713452
서울삼정초등학교,서울특별시 강서구 금낭화로 222,방화3동,37.57979,126.81088
서울백석초등학교,서울특별시 강서구 공항대로 491,등촌1동,37.5590279,126.8404125
서울방화초등학교,서울특별시 강서구 양천로6길 92,방화2동,37.5707907,126.8074712
서울발산초등학교,서울특별시 강서구 강서로45길 113,발산1동,37.55018155,126.8310476
서울목원초등학교,서울특별시 양천구 목동중앙로 204,목5동,37.5429087,126.8827322
서울목운초등학교,서울특별시 양천구 목동동로 235,목1동,37.5281789,126.8723294
서울목동초등학교,서울특별시 양천구 목동동로12길 12,신정2동,37.5222249,126.8762876
서울등현초등학교,서울특별시 강서구 화곡로65길 124,등촌3동,37.5612711,126.8477874
서울등촌초등학교,서울특별시 강서구 등촌로39길 71,등촌2동,37.5459865,126.8606064
서울등원초등학교,서울특별시 강서구 화곡로65길 90,등촌3동,37.5595576,126.8500736
서울등양초등학교,서울특별시 강서구 강서로56나길 140,등촌3동,37.5627175,126.8422659
서울등서초등학교,서울특별시 강서구 화곡로58길 86,화곡6동,37.5517807,126.8521252
서울등명초등학교,서울특별시 강서구 강서로56나길 34,등촌3동,37.5627175,126.8422659
서울등마초등학교,서울특별시 강서구 등촌로35길 12,등촌2동,37.542538,126.8628185
서울내발산초등학교,서울특별시 강서구 강서로46길 23,우장산동,37.5512805,126.8373998
서울남명초등학교,서울특별시 양천구 중앙로23길 3,신정3동,37.5162194,126.8538401
서울공항초등학교,서울특별시 강서구 마곡서1로 68,방화1동,37.56297475,126.8215978
서울공진초등학교,서울특별시 강서구 마곡서로 33,공항동,37.55785415,126.8226925
서울계남초등학교,서울특별시 양천구 목동동로2길 54,신정7동,37.5113215,126.8603794
서울경인초등학교,서울특별시 양천구 안양천로 1009,목5동,37.507944,126.8718711
서울개화초등학교,서울특별시 강서구 양천로 11,방화1동,37.5568502,126.8631112
서울강월초등학교,서울특별시 양천구 신월로 97,신월7동,37.5145678,126.8311568
서울강신초등학교,서울특별시 양천구 월정로 280,신월5동,37.54313505,126.8293912
서울강서초등학교,서울특별시 양천구 오목로 31,신월4동,37.5227532,126.8475157
서울갈산초등학교,서울특별시 양천구 목동로 31,신정7동,37.5210807,126.8661404
서울가양초등학교,서울 강서구 허준로 186,가양3동,37.5703435,126.8429705
서울가곡초등학교,서울특별시 강서구 공항대로36길 74,발산1동,37.5555863,126.8357391
운현초등학교,서울특별시 종로구 삼일대로 460,종로1.2.3.4가동,37.5691089,126.9878094
신광초등학교,서울특별시 용산구 청파로 263,청파동,37.5481996,126.9701283
숭의초등학교,서울특별시 중구 소파로2길 10,필동,37.5574448,126.9878648
서울흥인초등학교,서울특별시 중구 청구로6길 11,동화동,37.5627711,127.0159968
서울후암초등학교,서울특별시 용산구 두텁바위로 140,후암동,37.5467908,126.9810562
서울효제초등학교,서울특별시 종로구 대학로 12,종로5.6가동,37.5709845,127.0019433
서울혜화초등학교,서울특별시 종로구 혜화로 32,혜화동,37.5875025,126.9998726
서울한남초등학교,서울특별시 용산구 한남대로 112,한남동,37.532887,127.0080648
서울한강초등학교,서울특별시 용산구 한강대로14길 9,한강로동,37.524988,126.9660593
서울충무초등학교,서울 중구 퇴계로50길 13,장충동,37.5616318,127.0018387
서울청파초등학교,서울특별시 용산구 효창원로 228,청파동,37.5445482,126.9610105
서울청운초등학교,서울특별시 종로구 자하문로 105,청운효자동,37.58573085,126.9695124
서울청구초등학교,서울특별시 중구 다산로 170,청구동,37.5507793,127.0076435
서울창신초등학교,서울특별시 종로구 지봉로 73,창신1동,37.5722606,127.0161483
서울재동초등학교,서울특별시 종로구 북촌로4길 7,가회동,37.57961505,126.9856014
서울장충초등학교,서울특별시 중구 청구로17길 40,다산동,37.5572974,127.0112533
서울이태원초등학교,서울특별시 용산구 녹사평대로40길 19,이태원2동,37.5350001,126.9872979
서울원효초등학교,서울특별시 용산구 효창원로13길 38,원효로2동,37.535812,126.9522611
서울용암초등학교,서울특별시 용산구 녹사평대로60길 39,용산2가동,37.5443745,126.9896388
서울용산초등학교,서울 용산구 한강대로57길 33,한강로동,37.5347471,126.9724672
서울신용산초등학교,서울특별시 용산구 이촌로 255,이촌1동,37.5314194,126.954933
서울신당초등학교,서울특별시 중구 난계로 141,신당5동,37.56397485,127.0237742
서울세검정초등학교,서울특별시 종로구 세검정로9길 1,부암동,37.6056458,126.9600588
서울서빙고초등학교,서울특별시 용산구 서빙고로51길 14,서빙고동,37.5230784,126.9908587
서울삼광초등학교,서울특별시 용산구 두텁바위로1나길 19,후암동,37.5466286,126.9766049
서울봉래초등학교,서울특별시 중구 손기정로 73,중림동,37.5552947,126.963736
서울보광초등학교,서울특별시 용산구 우사단로 20,이태원1동,37.5325388,126.9961822
서울명신초등학교,서울특별시 종로구 낙산길 250,창신3동,37.5806057,127.0166287
서울매동초등학교,서울특별시 종로구 사직로9길 19,사직동,37.5772116,126.9667038
서울독립문초등학교,서울특별시 종로구 통일로12길 23,무악동,37.5740774,126.9613572
서울덕수초등학교,서울특별시 중구 덕수궁길 140,소공동,37.5683239,126.9745091
서울남정초등학교,서울특별시 용산구 원효로64길 17-10,원효로1동,37.535169,126.9644202
서울남산초등학교,서울특별시 중구 퇴계로22길 17,명동,37.5600752,126.9865453
서울금양초등학교,서울특별시 용산구 효창원로 137,효창동,37.54047295,126.9612231
서울교동초등학교,서울특별시 종로구 삼일대로 446,종로1.2.3.4가동,37.5691089,126.9878094
서울광희초등학교,서울특별시 중구 다산로 269,신당동,37.56755825,127.0151389
상명대학교사범대학부속초등학교,서울특별시 종로구 홍지문2길 1,부암동,37.6015518,126.9553807
리라초등학교,서울특별시 중구 소파로2길 7,필동,37.5574448,126.9878648
동산초등학교,서울특별시 중구 매봉18길 109,청구동,0,0
화랑초등학교,서울특별시 노원구 화랑로 621,공릉2동,37.6174636,127.0753655
한신초등학교,서울특별시 도봉구 노해로49길 69,쌍문4동,37.6518966,127.0298023
태강삼육초등학교,서울특별시 노원구 화랑로 815,공릉2동,37.642012,127.1056211
청원초등학교,서울특별시 노원구 한글비석로 506,상계9동,37.6661065,127.0694863
서울한천초등학교,서울특별시 노원구 마들로 45,월계3동,37.6307063,127.0631762
서울태릉초등학교,서울특별시 노원구 노원로1길 36,공릉2동,37.6199197,127.0802034
서울태랑초등학교,서울특별시 노원구 화랑로51나길 31,공릉2동,37.625403,127.0907595
서울초당초등학교,서울특별시 도봉구 해등로32길 11,방학3동,37.6597591,127.0229766
서울청계초등학교,서울특별시 노원구 공릉로 431,중계2.3동,37.6449677,127.0658801
서울창일초등학교,서울특별시 도봉구 노해로66길 84,창1동,37.64872,127.04773
서울창원초등학교,서울특별시 도봉구 해등로 103,창5동,37.6580725,127.0337937
서울창림초등학교,서울특별시 도봉구 덕릉로63길 46,창2동,37.64519,127.04016
서울창동초등학교,서울특별시 도봉구 해등로16길 81,창5동,37.6549907,127.043562
서울창도초등학교,서울특별시 도봉구 방학로 32-28,방학1동,37.6637033,127.0377307
서울창경초등학교,서울특별시 도봉구 도봉로129길 54,쌍문2동,37.65600435,127.0353034
서울중현초등학교,서울특별시 노원구 섬밭로 181,하계2동,37.6443751,127.0629317
서울중평초등학교,서울특별시 노원구 섬밭로 241,하계2동,37.6443751,127.0629317
서울중원초등학교,서울특별시 노원구 섬밭로 316,중계2.3동,37.6298045,127.0679053
서울중계초등학교,서울특별시 노원구 한글비석로19길 39,중계4동,37.6581351,127.0726807
서울자운초등학교,서울특별시 도봉구 마들로13길 166,창4동,37.6625304,127.0448495
서울을지초등학교,서울특별시 노원구 중계로 239,중계1동,37.63891,127.08268
서울월천초등학교,서울특별시 도봉구 노해로70길 96,창4동,37.64907,127.05222
서울월계초등학교,서울특별시 노원구 월계로45가길 10,월계2동,37.6298221,127.050926
서울원광초등학교,서울특별시 노원구 덕릉로76길 18,중계1동,37.6546,127.07625
서울용원초등학교,서울특별시 노원구 섬밭로 144,공릉1동,37.6443751,127.0629317
서울용동초등학교,서울특별시 노원구 한글비석로1길 81-11,중계2.3동,37.6418244,127.0704691
서울온곡초등학교,서울특별시 노원구 한글비석로52길 59,상계9동,37.6656898,127.066379
서울오봉초등학교,서울특별시 도봉구 시루봉로 285,도봉1동,37.6563804,127.0289015
서울연촌초등학교,서울특별시 노원구 공릉로58길 36,하계1동,37.6359258,127.0747629
서울연지초등학교,서울특별시 노원구 월계로55길 48,월계3동,37.63291,127.05964
서울쌍문초등학교,서울특별시 도봉구 우이천로 360,쌍문1동,37.64388,127.02993
서울신화초등학교,서울특별시 도봉구 우이천로 120,창3동,37.64388,127.02993
서울신학초등학교,서울특별시 도봉구 방학로 247-21,방학3동,37.6637033,127.0377307
서울신창초등학교,서울특별시 도봉구 덕릉로60길 93,창3동,37.63643,127.0412163
서울신상계초등학교,서울특별시 노원구 상계로 267,상계3.4동,37.6545927,127.0558037
서울신방학초등학교,서울특별시 도봉구 시루봉로 173,방학3동,37.6547435,127.0279507
서울신계초등학교,서울특별시 노원구 초안산로 29,월계2동,37.6285275,127.0553675
서울숭미초등학교,서울특별시 도봉구 노해로 179,쌍문1동,37.6516,127.03981
서울수암초등학교,서울특별시 노원구 중계로12길 9,중계본동,37.6472799,127.0817751
서울수락초등학교,서울특별시 노원구 동일로 1745,상계1동,37.6847903,127.05546
서울선곡초등학교,서울특별시 노원구 광운로2길 1,월계1동,37.6170482,127.0593492
서울상천초등학교,서울특별시 노원구 덕릉로 443,상계6.7동,37.6759999,127.0873997
서울상월초등학교,서울특별시 노원구 동일로221길 27,상계10동,37.6591999,127.0578107
서울상원초등학교,서울특별시 노원구 한글비석로54길 119,상계9동,37.6670163,127.0619547
서울상수초등학교,서울특별시 노원구 동일로216길 66,상계6.7동,37.652067,127.0640821
서울상곡초등학교,서울특별시 노원구 노원로38길 34,상계10동,37.6629989,127.0616329
서울상계초등학교,서울특별시 노원구 상계로9길 39,상계2동,37.6576532,127.0673864
서울상경초등학교,서울특별시 노원구 수락산로 237,상계8동,37.6673213,127.0709473
서울불암초등학교,서울특별시 노원구 중계로 178,중계본동,37.63891,127.08268
서울백운초등학교,서울특별시 도봉구 삼양로146길 17,쌍문1동,37.6541304,127.0143115
서울방학초등학교,서울특별시 도봉구 도당로9길 34,방학2동,37.6630346,127.0341446
서울동일초등학교,서울특별시 노원구 한글비석로 566,상계8동,37.6661065,127.0694863
서울도봉초등학교,서울특별시 도봉구 도봉로173길 96,도봉1동,37.6789188,127.0395983
서울덕암초등학교,서울특별시 노원구 덕릉로112길 68,상계3.4동,37.6665383,127.0803189
서울당현초등학교,서울특별시 노원구 동일로213길 52,상계6.7동,37.64834,127.05933
서울누원초등학교,서울특별시 도봉구 마들로 859-44,도봉2동,37.6623294,127.0458791
서울녹천초등학교,서울특별시 노원구 마들로3길 34,월계3동,37.6277995,127.0633391
서울노일초등학교,서울특별시 노원구 동일로 1625,상계1동,37.6847903,127.05546
서울노원초등학교,서울특별시 노원구 동일로230나길 32,상계1동,0,0
서울공연초등학교,서울특별시 노원구 동일로192가길 16,공릉1동,37.6267898,127.0737318
서울공릉초등학교,서울특별시 노원구 동일로173길 12,공릉1동,37.6186099,127.0731446
서울계상초등학교,서울특별시 노원구 한글비석로41가길 24,상계5동,37.6625354,127.0675617
서울가인초등학교,서울특별시 도봉구 도봉로136다길 4,창5동,37.6609228,127.0426974
상명초등학교,서울특별시 노원구 덕릉로 541,중계2.3동,37.6759999,127.0873997
동북초등학교,서울특별시 도봉구 시루봉로 53,쌍문4동,37.6547435,127.0279507
서울항동초등학교,서울특별시 구로구 연동로 178,항동,37.486476,126.8236499
서울하늘숲초등학교,서울특별시 구로구 오리로 1106,오류2동,37.48423025,126.8416704
서울금나래초등학교,서울특별시 금천구 시흥대로79길 37,독산1동,37.45812915,126.8962654
서울천이초등학교,서울특별시 구로구 오류로 30,오류2동,37.4932693,126.8405474
서울천왕초등학교,서울특별시 구로구 천왕로1길 11,오류2동,37.4819141,126.8373532
서울탑동초등학교,서울특별시 금천구 탑골로 47-3,시흥2동,37.4509455,126.9111344
서울정심초등학교,서울특별시 금천구 독산로78다길 89,독산4동,37.47137015,126.9084637
서울윤중초등학교,서울특별시 영등포구 여의나루로2길 14,여의동,37.5194773,126.9228165
서울우신초등학교,서울특별시 영등포구 신길로 190,신길4동,37.5107607,126.9103059
서울온수초등학교,서울특별시 구로구 부일로 893,수궁동,37.4936247,126.8331562
서울오정초등학교,서울특별시 구로구 경인로2길 10,오류2동,37.4899974,126.8268072
서울오류초등학교,서울특별시 구로구 경인로19길 39,오류1동,37.4974198,126.8423908
서울오류남초등학교,서울특별시 구로구 서해안로24길 22,오류2동,37.4896409,126.8392488
서울영중초등학교,서울특별시 영등포구 양산로 185,영등포동,37.5245662,126.8930457
서울영일초등학교,서울특별시 구로구 남부순환로105길 218,가리봉동,37.4851127,126.8837235
서울영원초등학교,서울특별시 영등포구 도영로 22길 31,영등포본동,0,0
서울영신초등학교,서울특별시 영등포구 도신로60길 23,신길1동,37.5089067,126.9175806
서울영서초등학교,서울특별시 구로구 도림로20길 57,구로3동,37.4887813,126.8930896
서울영문초등학교,서울특별시 영등포구 문래로 56,문래동,37.518591,126.8993316
서울영림초등학교,서울특별시 영등포구 시흥대로173길 14,대림2동,0,0
서울영등포초등학교,서울특별시 영등포구 경인로 756,문래동,37.514956,126.9024538
서울영동초등학교,서울특별시 영등포구 국회대로53길 20,당산2동,37.5279587,126.9069622
서울영남초등학교,서울특별시 금천구 문성로 62-15,독산3동,37.475548,126.9094713
서울여의도초등학교,서울특별시 영등포구 여의대방로 439,여의동,37.5044435,126.9220006
서울안천초등학교,서울특별시 금천구 한내로 69-16,독산1동,37.4577072,126.8897671
서울신흥초등학교,서울특별시 금천구 독산로36나길 21,시흥4동,37.4594057,126.9087858
서울신영초등학교,서울특별시 영등포구 도신로4길 32,대림3동,37.5001936,126.8968594
서울신미림초등학교,서울특별시 구로구 신도림로 26,신도림동,37.5088666,126.8816162
서울신도림초등학교,서울특별시 구로구 신도림로19길 44,신도림동,37.5142419,126.8808748
서울신대림초등학교,서울특별시 영등포구 대림로8길 25,대림1동,37.4908886,126.9050196
서울신구로초등학교,서울특별시 구로구 가마산로27길 69,구로5동,37.500023,126.8896603
서울시흥초등학교,서울특별시 금천구 독산로23길 26,시흥1동,37.4549007,126.9048469
서울세곡초등학교,서울특별시 구로구 고척로33길 34,고척2동,37.504731,126.8481821
서울선유초등학교,서울특별시 영등포구 선유로43가길 14,양평2동,37.5305081,126.8917234
서울백산초등학교,서울특별시 금천구 시흥대로38길 78,시흥5동,37.44702175,126.9050097
서울미래초등학교,서울특별시 구로구 새말로 73,구로5동,37.5070735,126.8930094
서울문성초등학교,서울특별시 금천구 시흥대로 460,독산3동,37.4745551,126.899298
서울문백초등학교,서울특별시 금천구 시흥대로47길 43-1,시흥1동,37.44700565,126.8993151
서울문래초등학교,서울특별시 영등포구 문래로 104,문래동,37.518591,126.8993316
서울문교초등학교,서울특별시 금천구 독산로54길 102,독산2동,37.4665029,126.9086952
서울매봉초등학교,서울특별시 구로구 고척로21길 55,개봉1동,37.5018073,126.8453314
서울두산초등학교,서울특별시 금천구 범안로11길 3,독산1동,37.4671162,126.8909994
서울동구로초등학교,서울특별시 구로구 구로중앙로14길 43,구로4동,37.4939226,126.8926338
서울독산초등학교,서울특별시 금천구 시흥대로104길 31,독산2동,37.46524455,126.9000321
서울도신초등학교,서울특별시 영등포구 도림로53길 32-9,대림3동,37.4973971,126.9006456
서울도림초등학교,서울특별시 영등포구 가마산로65길 22,신길3동,37.507042,126.9065286
서울덕의초등학교,서울특별시 구로구 고척로 213,고척2동,37.5064819,126.8583186
서울대영초등학교,서울특별시 영등포구 신길로23길 43,신길5동,37.5014926,126.9066794
서울대방초등학교,서울특별시 영등포구 여의대방로35길 14,신길7동,37.5012818,126.9170467
서울대동초등학교,서울특별시 영등포구 대림로21길 6,대림2동,37.4925516,126.900139
서울대길초등학교,서울특별시 영등포구 대방천로 206,신길6동,37.511473,126.8910655
서울당중초등학교,서울특별시 영등포구 선유로 131,양평1동,37.5296552,126.8928705
서울당서초등학교,서울특별시 영등포구 당산로 187,당산2동,37.523606,126.8961528
서울당산초등학교,서울특별시 영등포구 선유로55길 32,양평2동,37.5384567,126.8968893
서울금천초등학교,서울특별시 금천구 탑골로5길 60,시흥5동,37.4545306,126.9124965
서울금산초등학교,서울특별시 금천구 시흥대로24길 57,시흥3동,37.44164895,126.9081332
서울금동초등학교,서울특별시 금천구 금하로30길 53,시흥2동,37.4477045,126.9164313
서울구일초등학교,서울특별시 구로구 구일로 68,구로1동,37.4977475,126.8738227
서울구로초등학교,서울특별시 구로구 구로중앙로27나길 9,구로2동,37.4966514,126.8852121
서울구로남초등학교,서울특별시 구로구 디지털로27길 76,구로3동,37.48409,126.89027
서울고척초등학교,서울특별시 구로구 경서로 31,고척1동,37.50323,126.86007
서울고원초등학교,서울특별시 구로구 경인로46길 13,고척1동,37.4969695,126.8649785
서울고산초등학교,서울특별시 구로구 중앙로 6,고척1동,37.5054869,126.8608235
서울개웅초등학교,서울특별시 구로구 개봉로11길 98,개봉3동,37.4868122,126.8546731
서울개봉초등학교,서울특별시 구로구 개봉로16길 30-11,개봉3동,37.4886751,126.8574848
서울개명초등학교,서울특별시 구로구 개봉로1다길 16-9,개봉3동,37.4823119,126.851997
서울가산초등학교,서울특별시 금천구 남부순환로 1304-11,독산1동,37.477837,126.8964529
동광초등학교,서울특별시 금천구 탑골로10길 45,시흥2동,37.45199575,126.9166882
서울어울초등학교,서울특별시 은평구 통일로 650,녹번동,37.618836,126.9213057
서울가재울초등학교,서울특별시 서대문구 모래내로15길 61,남가좌1동,37.5744472,126.9184977
서울은빛초등학교,서울특별시 은평구 진관3로 73-17,진관동,37.64250575,126.9191344
서울하늘초등학교,서울특별시 마포구 월드컵북로 502-14,상암동,37.5555743,126.9210715
서울수리초등학교,서울특별시 은평구 불광로14길 10-10,불광1동,37.6208067,126.9332297
홍익대학교사범대학부속초등학교,서울특별시 마포구 성미산로 51,성산1동,37.5585729,126.9107677
충암초등학교,서울특별시 은평구 가좌로5길 5,응암3동,37.5862196,126.9213403
추계초등학교,서울특별시 서대문구 북아현로11가길 7,충현동,37.5631121,126.9542292
이화여자대학교사범대학부속초등학교,서울특별시 서대문구 성산로 512-39,신촌동,37.5663855,126.9467458
예일초등학교,서울특별시 은평구 연서로 117,구산동,37.6203345,126.9266341
선일초등학교,서울특별시 은평구 갈현로29길 27,갈현2동,37.6205367,126.9135615
서울홍제초등학교,서울특별시 서대문구 홍은중앙로 13,홍은1동,37.5936027,126.9457812
서울홍은초등학교,서울특별시 서대문구 세검정로 105,홍제3동,37.5939524,126.9479741
서울홍연초등학교,서울특별시 서대문구 백련사길 55,홍은2동,37.580137,126.9330854
서울한서초등학교,서울특별시 마포구 대흥로24바길 27,염리동,0,0
서울창천초등학교,서울특별시 마포구 백범로1길 56,대흥동,37.5554842,126.9397339
서울창서초등학교,서울특별시 서대문구 연세로5나길 30-3,신촌동,37.5569596,126.9355887
서울진관초등학교,서울특별시 은평구 진관4로 78-16,진관동,37.6452499,126.9290739
서울증산초등학교,서울특별시 은평구 증산서길 61,증산동,37.5849758,126.9087056
서울중동초등학교,서울특별시 마포구 월드컵북로 152,성산2동,37.5555743,126.9210715
서울인왕초등학교,서울특별시 서대문구 세무서길 33-9,홍제3동,37.5920381,126.9475575
서울응암초등학교,서울특별시 은평구 가좌로6길 20,응암3동,37.5878331,126.9213004
서울은평초등학교,서울특별시 은평구 은평로 239,녹번동,37.5985517,126.9132933
서울은진초등학교,서울특별시 은평구 진관1로 21-20,진관동,37.63301325,126.9211553
서울은명초등학교,서울특별시 은평구 은평로4길 21-9,응암1동,37.5975017,126.9169437
서울용강초등학교,서울특별시 마포구 백범로17길 9,대흥동,37.5486704,126.9445101
서울염리초등학교,서울특별시 마포구 토정로37길 37,용강동,37.5405421,126.9448338
서울연희초등학교,서울특별시 서대문구 연희로 136,연희동,37.562031,126.9282994
서울연천초등학교,서울특별시 은평구 연서로34길 22,불광2동,37.6216812,126.9269292
서울연은초등학교,서울특별시 은평구 백련산로2길 35,응암2동,37.5879257,126.9254836
서울연신초등학교,서울특별시 은평구 연서로 347,불광2동,37.6203345,126.9266341
서울연광초등학교,서울특별시 은평구 연서로35길 37,불광2동,37.6223143,126.9259101
서울연가초등학교,서울특별시 서대문구 증가로12가길 49-50,남가좌2동,37.5801209,126.9190698
서울역촌초등학교,서울특별시 은평구 은평로3길 25,역촌동,37.6004624,126.915079
서울안산초등학교,서울특별시 서대문구 통일로 321,홍제1동,37.5721014,126.9603793
서울아현초등학교,서울특별시 마포구 굴레방로 6,아현동,37.5545734,126.9572725
서울신석초등학교,서울특별시 마포구 대흥로 33,신수동,37.546564,126.9419637
서울신사초등학교,서울특별시 은평구 가좌로 275-2,신사2동,37.59231785,126.9122122
서울신북초등학교,서울특별시 마포구 월드컵북로38길 26,성산2동,37.5713041,126.9043045
서울신도초등학교,서울특별시 은평구 진관1로 77-23,진관동,37.63279235,126.9291107
서울수색초등학교,서울특별시 은평구 수색로16길 21,수색동,37.5825206,126.8954284
서울소의초등학교,서울특별시 마포구 마포대로24길 42,공덕동,37.5540391,126.9589568
서울성원초등학교,서울특별시 마포구 월드컵로36길 34,성산2동,37.566588,126.9044343
서울성서초등학교,서울특별시 마포구 성미산로7길 24,성산1동,37.559479,126.9123724
서울성산초등학교,서울특별시 마포구 양화로3길 94,합정동,37.5524444,126.910772
서울서신초등학교,서울특별시 은평구 은평터널로 150,신사2동,37.5825415,126.896271
서울서교초등학교,서울특별시 마포구 와우산로23길 20-27,서교동,37.5539011,126.9241076
서울서강초등학교,서울특별시 마포구 독막로 113,서강동,37.5471357,126.9305642
서울상지초등학교,서울특별시 마포구 월드컵로42길 30,상암동,37.5795555,126.8814983
서울상암초등학교,서울특별시 마포구 월드컵북로 353,상암동,37.5555743,126.9210715
서울상신초등학교,서울특별시 은평구 가좌로 361,신사2동,37.5888461,126.9200863
서울불광초등학교,서울특별시 은평구 불광로 51,불광1동,37.6151424,126.9319601
서울북한산초등학교,서울특별시 은평구 대서문길 42-3,진관동,37.65414395,126.9501757
서울북성초등학교,서울특별시 서대문구 북아현로1나길 22,북아현동,37.5593591,126.9509395
서울북가좌초등학교,서울특별시 서대문구 거북골로19길 20,북가좌1동,37.5775982,126.908594
서울미동초등학교,서울특별시 서대문구 충정로 52,충현동,37.5599956,126.962576
서울망원초등학교,서울특별시 마포구 방울내로5길 28,망원2동,37.5602525,126.9009518
서울마포초등학교,서울특별시 마포구 도화2길 64,도화동,37.5394558,126.9487844
서울동교초등학교,서울특별시 마포구 월드컵로25길 86,망원2동,37.5576257,126.8986699
서울대조초등학교,서울특별시 은평구 연서로18길 17,대조동,37.6128739,126.9182431
서울대은초등학교,서울특별시 은평구 통일로69길 12-15,대조동,37.6111617,126.9269323
서울대신초등학교,서울특별시 서대문구 이화여대2길 27,신촌동,37.557388,126.9466294
서울녹번초등학교,서울특별시 은평구 녹번로1길 1,녹번동,37.6052695,126.9263001
서울금화초등학교,서울특별시 서대문구 통일로 165,천연동,37.5721014,126.9603793
서울구현초등학교,서울특별시 은평구 갈현로15길 51,구산동,37.6089913,126.9058937
서울구산초등학교,서울특별시 은평구 서오릉로15길 16,구산동,37.61310075,126.9094278
서울공덕초등학교,서울특별시 마포구 만리재옛길 13,공덕동,37.5462915,126.9556926
서울고은초등학교,서울특별시 서대문구 모래내로 441,홍제1동,37.5710245,126.9199047
서울갈현초등학교,서울특별시 은평구 연서로29길 31,갈현2동,37.6196566,126.9185625
명지초등학교,서울특별시 서대문구 명지2길 32-20,홍은2동,37.5841049,126.9281067
경기초등학교,서울특별시 서대문구 경기대로9길 10,충현동,37.5640206,126.9614011
서울양원숲초등학교,서울특별시 중랑구 양원역로 95,망우본동,37.60896115,127.1054997
서울새솔초등학교,서울특별시 중랑구 신내역로1길 164,신내1동,37.6149071,127.1060657
서울삼육초등학교,서울특별시 동대문구 회기로10길 63,회기동,37.5901601,127.047744
은석초등학교,서울특별시 동대문구 장안벚꽃로 205,장안2동,37.5788007,127.0762807
서울휘봉초등학교,서울특별시 동대문구 장안벚꽃로 309,휘경2동,37.5788007,127.0762807
서울휘경초등학교,서울특별시 동대문구 망우로6길 48,휘경2동,37.5865629,127.0558167
서울홍파초등학교,서울특별시 동대문구 고산자로 518,제기동,37.575405,127.0381518
서울홍릉초등학교,서울특별시 동대문구 회기로 90,청량리동,37.5905448,127.0544043
서울청량초등학교,서울특별시 동대문구 회기로25길 31,회기동,37.5919936,127.0558319
서울중흥초등학교,서울특별시 중랑구 봉화산로 82,중화1동,37.6067105,127.0956152
서울중화초등학교,서울특별시 중랑구 신내로7가길 22,신내2동,37.6023789,127.0941158
서울중목초등학교,서울특별시 중랑구 동일로 665,면목2동,37.6131461,127.0773865
서울중랑초등학교,서울특별시 중랑구 봉우재로6길 26,면목2동,37.5892269,127.0753256
서울중곡초등학교,서울특별시 중랑구 면목로23길 20,면목4동,37.5734559,127.0830817
서울종암초등학교,서울특별시 동대문구 무학로44길 25,제기동,37.5820354,127.0338924
서울전동초등학교,서울특별시 동대문구 전농로16길 61,전농2동,37.5786196,127.0575357
서울전농초등학교,서울특별시 동대문구 사가정로 66,전농1동,37.5779214,127.062767
서울전곡초등학교,서울특별시 동대문구 전농로 172,전농2동,37.5827082,127.0534423
서울장평초등학교,서울특별시 동대문구 답십리로69길 27,장안2동,37.5765595,127.0465065
서울이문초등학교,서울특별시 동대문구 신이문로 16,이문2동,37.6037515,127.0666489
서울원묵초등학교,서울특별시 중랑구 숙선옹주로 109,묵1동,37.6178937,127.086884
서울용두초등학교,서울특별시 동대문구 천호대로13길 43,용신동,37.5774838,127.0298009
서울안평초등학교,서울특별시 동대문구 장한로14길 61,장안1동,37.5655401,127.0708467
서울신현초등학교,서울특별시 중랑구 봉화산로 188,신내2동,37.6027896,127.0846172
서울신묵초등학교,서울특별시 중랑구 동일로149길 46,묵2동,37.60715255,127.0755743
서울신답초등학교,서울특별시 동대문구 천호대로 177,답십리1동,37.5743184,127.031349
서울신내초등학교,서울특별시 중랑구 용마산로125나길 22,신내1동,37.6037318,127.0993869
서울상봉초등학교,서울특별시 중랑구 동일로126가길 11,상봉1동,37.597596,127.0832167
서울봉화초등학교,서울특별시 중랑구 신내로15길 110,신내2동,37.61337,127.09126
서울배봉초등학교,서울특별시 동대문구 사가정로 193,전농2동,37.5779214,127.062767
서울묵현초등학교,서울특별시 중랑구 동일로157길 75,묵2동,37.6096496,127.0753542
서울묵동초등학교,서울특별시 중랑구 동일로138길 27,중화1동,37.60376125,127.0812577
서울면중초등학교,서울특별시 중랑구 용마산로70길 43,면목3.8동,37.58217335,127.09651
서울면일초등학교,서울특별시 중랑구 용마산로100길 13,망우3동,37.5913208,127.1011123
서울면북초등학교,서울특별시 중랑구 용마공원로5길 32,망우3동,37.5945683,127.1034875
서울면목초등학교,서울특별시 중랑구 면목로 434,면목본동,37.59116365,127.0877175
서울면동초등학교,서울특별시 중랑구 면목로57길 32,면목본동,37.5847733,127.0870447
서울면남초등학교,서울특별시 중랑구 면목로30나길 38,면목7동,0,0
서울망우초등학교,서울특별시 중랑구 망우로72길 49,망우본동,37.5982919,127.1027587
서울동원초등학교,서울특별시 중랑구 송림길 114,망우본동,37.6027541,127.1017012
서울동답초등학교,서울특별시 동대문구 답십리로60길 12,답십리2동,37.5679138,127.06204
서울답십리초등학교,서울특별시 동대문구 전농로3길 23,답십리1동,37.5702048,127.0559328
서울군자초등학교,서울특별시 동대문구 한천로6길 21,장안1동,37.564027,127.0626549
금성초등학교,서울특별시 중랑구 신내로21길 55,신내2동,37.6149742,127.0887191
경희초등학교,서울특별시 동대문구 경희대로 26,회기동,37.59441475,127.0510058