유치원명,주소,행정동,위도,경도
서울신구유치원,서울특별시 강남구 압구정로18길 28,신사동,37.5236292,127.0249963
서울세명유치원,서울특별시 강남구 자곡로 55,세곡동,37.4652137,127.0952705
서울언주초등학교병설유치원,서울특별시 강남구 남부순환로363길 19,도곡1동,37.4857167,127.0378493
서울개원초등학교병설유치원,서울특별시 강남구 선릉로 29,개포1동,37.4814065,127.0585138791847
도곡렉슬유치원,서울특별시 강남구 선릉로 221,도곡2동,37.4942173,127.0497541
영동제일유치원,서울특별시 강남구 삼성로120길 28,삼성1동,37.5167838,127.0534321
서울수서초등학교병설유치원,서울특별시 강남구 광평로51길 46,수서동,37.4884642,127.1035054
선경유치원,서울특별시 강남구 삼성로 151,대치1동,37.4931449,127.0629809
신아유치원,서울특별시 강남구 개포로110길 15,개포3동,37.49224035,127.0769193419551
서울도곡초등학교병설유치원,서울특별시 강남구 선릉로64길 33,대치4동,37.49904435000001,127.0546963079526
청담몬테소리유치원,서울특별시 강남구 학동로67길 15,청담동,37.5193054,127.0467085
남부유치원,서울특별시 강남구 언주로 123,도곡2동,37.5207957,127.0342812
서울역삼초등학교병설유치원,서울특별시 강남구 강남대로66길 21,역삼1동,37.4918579,127.0316693
푸른유치원,서울특별시 강남구 일원로14길 25,일원본동,37.4853369,127.0822359
신우주유치원,서울특별시 강남구 일원로 120,일원본동,37.48705,127.08263
서울자곡초등학교병설유치원,서울특별시 강남구 자곡로 150,세곡동,37.4652137,127.0952705
서울대왕초등학교병설유치원,서울특별시 강남구 헌릉로618길 8,세곡동,37.463676,127.1063516
하늘빛유치원,서울특별시 강남구 양재대로55길 12,일원1동,37.490633,127.0883533
돌샘유치원,서울특별시 강남구 개포로 516,개포2동,37.48913425,127.0708907886785
럭키유치원,서울특별시 강남구 논현로 213,도곡1동,37.49033915,127.0408929995941
리라유치원,서울특별시 강남구 광평로19길 15,일원본동,37.4849236,127.0840526949334
묘동유치원,서울특별시 강남구 도곡로78길 8,대치1동,37.49740335,127.0587643349875
초원유치원,서울특별시 강남구 논현로14길 17,개포4동,37.4751995,127.0478153
아란유치원,서울특별시 강남구 압구정로 201,압구정동,37.5303548,127.0296135
서울율현초등학교병설유치원,서울특별시 강남구 밤고개로21길 15,세곡동,37.47456655000001,127.1083008835486
서울논현초등학교병설유치원,서울특별시 강남구 강남대로120길 33,논현1동,37.5076284,127.0284892
오즈의마법사유치원,서울특별시 강남구 헌릉로618길 14,세곡동,37.463676,127.1063516
반디유치원,서울특별시 강남구 광평로47길 17,수서동,37.4871225,127.1001529
이화유치원,서울특별시 강남구 개포로109길 5,개포3동,37.4923339,127.0746135055429
청운교회부설유치원,서울특별시 강남구 언주로65길 5,역삼2동,37.4951223,127.0445332
서울개포유치원,서울특별시 강남구 삼성로4길 20,개포2동,37.4866181,127.0689921
서울대현초등학교병설유치원,서울특별시 강남구 역삼로98길 16,대치2동,37.5035035,127.0647166
성결유치원,서울특별시 강남구 언주로121길 5,논현2동,37.5115673,127.0349259
성요셉유치원,서울특별시 강남구 압구정로77길 28,청담동,37.5270514,127.0481642
소망유치원,서울특별시 강남구 광평로56길 11,수서동,37.4872971,127.1040002
서울은곡유치원,서울특별시 강남구 헌릉로569길 41,세곡동,37.466595,127.1003955
강남유정유치원,서울특별시 강남구 광평로34길 17,수서동,37.4815213,127.0917406
서울영희초등학교병설유치원,서울특별시 강남구 일원로 21,일원1동,37.4919919,127.0812822401793
서울청담초등학교병설유치원,서울특별시 강남구 압구정로71길 9,청담동,37.5284091,127.0470335
서울포이초등학교병설유치원,서울특별시 강남구 개포로22길 87,개포4동,37.4756705,127.0524702724119
서울학동초등학교병설유치원,서울특별시 강남구 선릉로115길 42,논현2동,37.5118806,127.0412296
송원유치원,서울특별시 강동구 성안로 64,성내3동,37.53206,127.13276
한영중고등학교병설한영유치원,서울특별시 강동구 동남로 832,상일1동,37.5660601,127.156381
준현유치원,서울특별시 강동구 성내로3가길 61,성내1동,37.5296994,127.1272929
고덕유치원,서울특별시 강동구 구천면로 645,상일1동,37.5499987,127.1459074
예슬유치원,서울특별시 강동구 상암로 11,암사2동,37.5480509,127.1323866
서울고명초등학교병설유치원,서울특별시 강동구 고덕로46길 53,명일1동,37.5521734,127.1461969
서울명일유치원,서울특별시 강동구 암사19길 53,암사1동,37.5518748,127.1408815
성보나유치원,서울특별시 강동구 고덕로83길 68,고덕2동,37.558997,127.1686181
오송유치원,서울특별시 강동구 구천면로39길 26,천호2동,37.5455818,127.1321519
반석유치원,서울특별시 강동구 양재대로124길 89-18,길동,37.5422384,127.1452586
명덕유치원,서울특별시 강동구 동남로83길 66,고덕1동,37.5595811,127.1519541
서울길동초등학교병설유치원,서울특별시 강동구 양재대로116길 69,길동,37.5380392,127.1433706
녹원유치원,서울특별시 강동구 상암로63길 39-10,명일2동,37.546736,127.1548581
화랑유치원,서울특별시 강동구 천중로35길 37-1,천호3동,37.5449125,127.1379748
서울신명초등학교병설유치원,서울특별시 강동구 명일로24길 33,길동,37.5418634,127.1481606
강동유정유치원,서울특별시 강동구 상일로10길 41,상일2동,37.550751,127.1745791
서울강덕초등학교병설유치원,서울특별시 강동구 동남로82길 94-54,고덕2동,37.5609074,127.1577464
근화유치원,서울특별시 강동구 고덕로 240,명일2동,37.5544124,127.1514591881741
둔촌유치원,서울특별시 강동구 풍성로63길 73,둔촌2동,37.5297929,127.1396397
강일늘사랑유치원,서울특별시 강동구 아리수로98길 62,강일동,37.563487,127.1787024
예크유치원,서울특별시 강동구 천호대로187길 73-10,길동,37.5369779,127.1418293
은새유치원,서울특별시 강동구 고덕로62길 58,명일2동,37.5529581,127.1528256
유정유치원,서울특별시 강동구 강동대로55길 83,성내3동,37.5245596,127.1335149
돌샘유치원,서울특별시 강동구 고덕로 131,암사3동,37.5571727,127.1730005
가람유치원,서울특별시 강동구 상암로63길 39,명일2동,37.546736,127.1548581
서울선린초등학교병설유치원,서울특별시 강동구 진황도로61길 29,둔촌2동,37.5288333,127.1448698
구강사금강유치원,서울특별시 강동구 천중로 64,천호2동,37.5455147,127.1222499
서울천호초등학교병설유치원,서울특별시 강동구 구천면로 310-11,천호1동,37.5433432,127.1326827
그리새유치원,서울특별시 강동구 천호대로187길 53-18,길동,37.5369779,127.1418293
천호유치원,서울특별시 강동구 구천면로 236-1,천호3동,37.5499987,127.1459074
고덕한울유치원,서울특별시 강동구 양재대로 1706,고덕1동,37.5497977,127.1434191
서울고현초등학교병설유치원,서울특별시 강동구 상일로11길 110,상일1동,37.5535622,127.1687411
서울강솔유치원,서울특별시 강동구 고덕로97길 80,강일동,37.562989,127.1792819
선아유치원,서울특별시 강동구 구천면로 650,상일1동,37.5499987,127.1459074
서울강빛초등학교병설유치원,서울특별시 강동구 아리수로93다길 1,강일동,37.5742075,127.1734422
서울고일초등학교병설유치원,서울특별시 강동구 구천면로93길 20,상일1동,37.5516069,127.1682485
서울강솔초등학교병설유치원,서울특별시 강동구 고덕로97길 80,강일동,37.562989,127.1792819
금성유치원,서울특별시 강북구 한천로123길 9,번1동,37.6355038,127.028975
동명유치원,서울특별시 강북구 오패산로 130,송중동,37.6364286,127.0266341
길물빛유치원,서울특별시 강북구 인수봉로 260,인수동,37.6335413,127.0140166
성실유치원,서울특별시 강북구 삼각산로 143-1,수유2동,37.6377964,127.006224
서울수유초등학교병설유치원,서울특별시 강북구 삼양로74길 39,수유1동,37.6300784,127.0192044
아름유치원,서울특별시 강북구 도봉로 88,송중동,37.6170176,127.0303189
솔샘유치원,서울특별시 강북구 솔샘로 159,삼양동,37.6214025,127.0152535
창문유치원,서울특별시 강북구 월계로 61,송중동,37.6165492,127.0409901
운산유치원,서울특별시 강북구 수유로4길 58,수유1동,37.6322996,127.0220696
유안유치원,서울특별시 강북구 인수봉로 297,우이동,37.6335413,127.0140166
예원유치원,서울특별시 강북구 삼양로49길 18,삼양동,37.6234354,127.0182432
성체유치원,서울특별시 강북구 삼각산로 161,수유2동,37.6377964,127.006224
하나유치원,서울특별시 강북구 솔샘로 174,삼각산동,37.61840975,127.0119858264798
화계유치원,서울특별시 강북구 덕릉로 45,인수동,37.6358207,127.0276777
경은유치원,서울특별시 강북구 노해로21길 12,수유2동,37.6463735,127.018725
서울화계초등학교병설유치원,서울특별시 강북구 솔매로50가길 25,송중동,37.6234445,127.0294881
꿈동산유치원,서울특별시 강북구 한천로115길 15,번2동,37.63177,127.03759
인수유치원,서울특별시 강북구 인수봉로 298,우이동,37.6335413,127.0140166
서울미양초등학교병설유치원,서울특별시 강북구 솔샘로 195,삼양동,37.6214025,127.0152535
새시대유치원,서울특별시 강북구 도봉로97길 45,수유3동,37.6432998,127.026046
서울번동초등학교병설유치원,서울특별시 강북구 오현로 204,번3동,37.6295518,127.0394819
서울수송초등학교병설유치원,서울특별시 강북구 한천로124길 14,번1동,37.637639,127.032948
서울송천초등학교병설유치원,서울특별시 강북구 삼양로20길 29,송천동,37.6145036,127.0237471
서울우이유치원,서울특별시 강북구 삼양로99길 36,인수동,37.6389763,127.0163811
서울공항초등학교병설유치원,서울특별시 강서구 마곡서1로 68,방화1동,37.56297475,126.8215978237609
한나유치원,서울특별시 강서구 금낭화로 287-19,방화3동,37.5713177,126.8115512
화곡유치원,서울특별시 강서구 까치산로 60,화곡본동,37.5547483,126.8536521
선미유치원,서울특별시 강서구 까치산로2길 43,화곡본동,37.5390695,126.8431472
서울공진초등학교병설유치원,서울특별시 강서구 마곡서로 33,공항동,37.55785415,126.8226924943669
보라유치원,서울특별시 강서구 공항대로39길 100,등촌3동,37.5613245,126.8445763
서강유치원,서울특별시 강서구 금낭화로 35,방화2동,37.57979,126.81088
신세기유치원,서울특별시 강서구 허준로 47,가양1동,37.57082865,126.8479598672029
서울정곡초등학교병설유치원,서울특별시 강서구 방화대로50길 22,방화3동,37.5771132,126.8179574
신영유치원,서울특별시 강서구 곰달래로25길 4,화곡8동,37.5326243,126.8487317
강서유치원,서울특별시 강서구 까치산로 116,화곡6동,37.5547483,126.8536521
대유유치원,서울특별시 강서구 곰달래로57길 39,화곡4동,37.5327184,126.8618594
우람유치원,서울특별시 강서구 방화대로45길 32,방화1동,37.5742915,126.8139743
우일유치원,서울특별시 강서구 곰달래로47길 88,화곡2동,37.5346836,126.8556101
우리곰유치원,서울특별시 강서구 허준로 23,가양1동,37.5703435,126.8429705
공항제일유치원,서울특별시 강서구 개화동로23길 100,방화2동,37.5661345,126.8089898
등현유치원,서울특별시 강서구 화곡로63가길 63,등촌3동,37.560955,126.8485363
유니유치원,서울특별시 강서구 허준로 175,가양3동,37.56352865,126.8602252443861
방화이화유치원,서울특별시 강서구 양천로17길 4-55,방화1동,37.5743425,126.8129068
예지유치원,서울특별시 강서구 남부순환로11가길 89,공항동,37.554902,126.8133442
진일유치원,서울특별시 강서구 허준로 121,가양2동,37.565385,126.8538288
예은유치원,서울특별시 강서구 까치산로4길 101-5,화곡본동,37.5397574,126.8465284
수미유치원,서울특별시 강서구 강서로17길 130,화곡1동,37.5324689,126.8409039
서울염경초등학교병설유치원,서울특별시 강서구 양천로69길 49,염창동,37.5548311,126.8720968
등촌이화유치원,서울특별시 강서구 화곡로63가길 26,등촌3동,37.560955,126.8485363
서울월정초등학교병설유치원,서울특별시 강서구 월정로 176,화곡1동,37.53301,126.8365271
미래유치원,서울특별시 강서구 양천로6길 28,방화2동,37.5707907,126.8074712
서울내발산초등학교병설유치원,서울특별시 강서구 강서로46길 23,우장산동,37.5512805,126.8373998464602
대붕유치원,서울특별시 강서구 허준로 176,가양3동,37.5703435,126.8429705
아이파크예원유치원,서울특별시 강서구 강서로 266,우장산동,37.5495215,126.8368776018829
동그라미유치원,서울특별시 강서구 화곡로52길 14,화곡6동,37.5502717,126.8491135
국제유치원,서울특별시 강서구 양천로30길 4,가양1동,37.5685205,126.8232718
등촌제일유치원,서울특별시 강서구 화곡로66길 118,등촌1동,37.5576509,126.8557506
미래클유치원,서울특별시 강서구 수명로1길 76,발산1동,37.55237385,126.8230239466409
장미유치원,서울특별시 강서구 허준로 139,가양2동,37.5656571,126.8562749
홍신유치원,서울특별시 강서구 강서로45길 63,발산1동,37.5480879,126.8325842162966
아람유치원,서울특별시 강서구 금낭화로23길 8,방화3동,37.578978,126.8118297
서울화일초등학교병설유치원,서울특별시 강서구 까치산로10길 70,화곡본동,37.5416391,126.8470009
윤서유치원,서울특별시 강서구 화곡로13길 107,화곡3동,37.54599335,126.8323356
미도유치원,서울특별시 강서구 공항대로58가길 39,등촌2동,37.5507818,126.8607731
해리유치원,서울특별시 강서구 허준로 234,가양3동,37.5591198,126.8640831956576
예일유치원,서울특별시 강서구 강서로47길 126,발산1동,37.5537114,126.8292337
우현유치원,서울특별시 강서구 강서로 348,우장산동,37.5558937,126.8420549678594
윤희유치원,서울특별시 강서구 강서로 216-23,우장산동,37.5597959,126.8380169
서울마곡유치원,서울특별시 강서구 마곡서1로 139-13,방화1동,37.5587099,126.8202816
밤비니유치원,서울특별시 강서구 남부순환로7길 39,공항동,37.5581485,126.8098325
행복한유치원,서울특별시 강서구 강서로62길 40,등촌3동,37.56251,126.84331
서울수명유치원,서울특별시 강서구 수명로1길 76,발산1동,37.55237385,126.8230239466409
새싹유치원,서울특별시 강서구 곰달래로49길 10,화곡4동,37.5358603,126.8551327
나나유치원,서울특별시 강서구 등촌로13바길 46,화곡4동,37.5360126,126.8576656
서울금낭화유치원,서울특별시 강서구 금낭화로 35,방화2동,37.57979,126.81088
서울신곡초등학교병설유치원,서울특별시 강서구 등촌로13자길 42-14,화곡4동,37.5373096,126.8543981
서울등촌초등학교병설유치원,서울특별시 강서구 등촌로39길 71,등촌2동,37.5459865,126.8606064
서울탑산초등학교병설유치원,서울특별시 강서구 허준로 109,가양2동,37.56643750000001,126.8525188568977
서울신월초등학교병설유치원,서울특별시 강서구 강서로31길 48,화곡1동,37.5392884,126.8389587
서울송정초등학교병설유치원,서울특별시 강서구 공항대로3길 18,공항동,37.5624805,126.8102574
서울개화초등학교병설유치원,서울특별시 강서구 양천로 11,방화1동,37.5568502,126.8631112
이솔유치원,서울특별시 강서구 곰달래로33가길 6,화곡2동,37.5314324,126.8527988
서울가양초등학교병설유치원,서울특별시 강서구 허준로 186,가양3동,37.5703435,126.8429705
서울등명초등학교병설유치원,서울특별시 강서구 강서로56나길 34,등촌3동,37.5627175,126.8422659
한별유치원,서울특별시 관악구 남부순환로144길 65,미성동,37.4798642,126.912841
동원유치원,서울특별시 관악구 행운1길 96,행운동,37.483092,126.9557411
서울관악초등학교병설유치원,서울특별시 관악구 청룡4길 49,청룡동,37.4805626,126.9432618638721
서울은천초등학교병설유치원,서울특별시 관악구 은천로 69,은천동,37.4868596,126.9477174
서울신성초등학교병설유치원,서울특별시 관악구 신림로 114,서림동,37.4709068,126.9419211
큰솔유치원,서울특별시 관악구 관악로30길 12,행운동,37.4879751,126.9617919
현대유치원,서울특별시 관악구 관악로40길 55,청림동,37.4918723,126.9591715
예닮유치원,서울특별시 관악구 신원로3길 59-9,신원동,37.4829693,126.9265278
예일유치원,서울특별시 관악구 낙성대역14길 6,인헌동,37.47387285,126.96429515
하늘유치원,서울특별시 관악구 양산길 18,서림동,37.4741056,126.9334851
서울청룡초등학교병설유치원,서울특별시 관악구 관악로5길 61,청룡동,37.4753839,126.9518159
은아유치원,서울특별시 관악구 남부순환로246길 25,인헌동,37.4753208,126.96459935
서울유치원,서울특별시 관악구 관악로37길 20,성현동,37.4884722,126.9568443
나랑유치원,서울특별시 관악구 봉천로33길 57,은천동,37.4848964,126.9440369
꿈나라유치원,서울특별시 관악구 난곡로 42,난향동,37.4639843,126.9186618
은비유치원,서울특별시 관악구 청림5길 22,청림동,37.4910917,126.9599362
서울봉천초등학교병설유치원,서울특별시 관악구 행운1라길 17,행운동,37.4815265,126.9584837
서울신우유치원,서울특별시 관악구 호암로 498,삼성동,37.46277445,126.9323912707502
애동유치원,서울특별시 관악구 법원단지길 56,난곡동,37.4745369,126.922086
명성유치원,서울특별시 관악구 광신길 154,삼성동,37.4654862,126.9269893
서울난곡초등학교병설유치원,서울특별시 관악구 난곡로35길 102,난곡동,37.4694693,126.9168375890237
건영유치원,서울특별시 관악구 조원로 114,신사동,37.4837353,126.9093755
해슬아유치원,서울특별시 관악구 은천로 93,은천동,37.4868596,126.9477174
배꽃유치원,서울특별시 관악구 봉천로29길 47,은천동,37.4855326,126.942141
새소슬유치원,서울특별시 관악구 성현로 80,성현동,37.4914648,126.9514805
새싹유치원,서울특별시 관악구 남현2길 90,남현동,37.4749517,126.9742566
서울원당초등학교병설유치원,서울특별시 관악구 봉천로 505,행운동,37.48101915,126.9561924106293
소슬유치원,서울특별시 관악구 구암길 46,성현동,37.4913005,126.9472747
영그린유치원,서울특별시 관악구 참숯5길 12,서림동,37.4762406,126.9417487
서울삼성초등학교병설유치원,서울특별시 관악구 대학7길 52,대학동,37.4683806,126.9392647
서울청림유치원,서울특별시 관악구 청림5길 22,청림동,37.4910917,126.9599362
서울구암유치원,서울특별시 관악구 은천로 93,은천동,37.4868596,126.9477174
서울남현유치원,서울특별시 관악구 남현4길 51,남현동,37.4749954,126.9751624
서울신봉초등학교병설유치원,서울특별시 관악구 양녕로6나길 1,중앙동,37.485093,126.9493046
서울당곡초등학교병설유치원,서울특별시 관악구 보라매로2길 23,보라매동,37.4900131,126.9290641
서울남부초등학교병설유치원,서울특별시 관악구 남부순환로163길 14,신사동,37.485149,126.9212822
서울신림초등학교병설유치원,서울특별시 관악구 문성로28길 31,신원동,37.47732345,126.9274477128574
선경유치원,서울특별시 광진구 뚝섬로66길 14,자양2동,37.5324664,127.0902279
성산유치원,서울특별시 광진구 뚝섬로59길 18,자양1동,37.5336777,127.0836157
자양유치원,서울특별시 광진구 자양로5길 36,자양2동,37.5304804,127.083801
프라임유치원,서울특별시 광진구 광나루로56길 5,구의3동,37.5363017,127.0948441
서울자양초등학교병설유치원,서울특별시 광진구 아차산로44길 26,자양1동,37.5362057,127.0802355
광남유치원,서울특별시 광진구 아차산로70길 40,광장동,37.5415459,127.1024404
어린이회관유치원,서울특별시 광진구 광나루로 441,능동,37.53875,127.09898
영화유치원,서울특별시 광진구 영화사로 105,구의2동,37.5546912,127.0962488
동인유치원,서울특별시 광진구 자양로30길 6,구의1동,37.5430866,127.0883596
예일유치원,서울특별시 광진구 천호대로111길 41,중곡2동,37.5582115,127.0829527
슬기유치원,서울특별시 광진구 자양로 296,구의2동,37.5299976,127.0873403
윤진유치원,서울특별시 광진구 아차산로21길 15,화양동,37.5457864,127.0669574
자양하나유치원,서울특별시 광진구 아차산로41길 22-5,자양1동,0.0,0.0
보성유치원,서울특별시 광진구 아차산로 552,광장동,37.5366985,127.0842027
성수아름유치원,서울특별시 광진구 뚝섬로 476-15,자양4동,37.53225,127.07886
정신유치원,서울특별시 광진구 뚝섬로23길 27,자양4동,37.5370136,127.0653923
대원유치원,서울특별시 광진구 뚝섬로41길 20,자양3동,37.5340589,127.0750327
광장유치원,서울특별시 광진구 광장로7길 17,광장동,0.0,0.0
서울양남초등학교병설유치원,서울특별시 광진구 뚝섬로64길 71,자양2동,37.5330439,127.0888302
현정유치원,서울특별시 광진구 광나루로 534-1,구의1동,37.53875,127.09898
선미유치원,서울특별시 광진구 면목로5길 54,군자동,37.5563612,127.0756039
선화유치원,서울특별시 광진구 천호대로130길 58,능동,37.5495265,127.0878389
청구이화유치원,서울특별시 광진구 아차산로 503-23,광장동,37.5408823,127.0680155
동심유치원,서울특별시 광진구 군자로12길 46,군자동,37.5507517,127.072316
아이조아유치원,서울특별시 광진구 긴고랑로7길 65,중곡3동,37.5640119,127.0794286
경원유치원,서울특별시 광진구 영화사로 89,구의2동,37.5546912,127.0962488
인애유치원,서울특별시 광진구 능동로4길 13,자양3동,37.5320251,127.0701166
서울신자초등학교병설유치원,서울특별시 광진구 뚝섬로46길 64,자양2동,37.5313264,127.0765933
경하유치원,서울특별시 광진구 동일로72길 9,중곡3동,37.5655463,127.0795285
한일유치원,서울특별시 광진구 뚝섬로35길 16-20,자양3동,37.5353033,127.0713147
미파유치원,서울특별시 광진구 용마산로 185,중곡3동,37.5635008,127.086939
서울구의초등학교병설유치원,서울특별시 광진구 광나루로30길 49,화양동,37.5433624,127.0815049
서울양진초등학교병설유치원,서울특별시 광진구 워커힐로 32,광장동,37.5463039,127.0980181
선양유치원,서울특별시 광진구 동일로 256-1,군자동,37.5620971,127.0751968
샬롬유치원,서울특별시 광진구 아차산로65길 65,구의3동,37.5423162,127.0924311
서울중광초등학교병설유치원,서울특별시 광진구 긴고랑로13길 59,중곡3동,37.5631813,127.0819859
서울용곡초등학교병설유치원,서울특별시 광진구 용마산로22길 82,중곡4동,37.5652341,127.087498
서울신양초등학교병설유치원,서울특별시 광진구 능동로 42,자양3동,37.5339134,127.0679261
정훈유치원,서울특별시 구로구 경인로 382,개봉1동,37.5074608,126.8882344
미림유치원,서울특별시 구로구 개봉로18길 37,개봉2동,37.4910184,126.8574331
서울세곡초등학교병설유치원,서울특별시 구로구 고척로33길 34,고척2동,37.504731,126.8481821
서울개봉초등학교병설유치원,서울특별시 구로구 개봉로16길 30-11,개봉3동,37.4886751,126.8574848
서울영서초등학교병설유치원,서울특별시 구로구 도림로20길 57,구로3동,37.4887813,126.8930896
나비유치원,서울특별시 구로구 고척로 30,오류1동,37.5024227,126.8487988
준희유치원,서울특별시 구로구 경인로19길 8,오류1동,37.4974198,126.8423908
새두산유치원,서울특별시 구로구 도림로 59,구로4동,37.4880042,126.8894406
세희유치원,서울특별시 구로구 도림로 107,구로4동,37.4880042,126.8894406
서울매봉초등학교병설유치원,서울특별시 구로구 고척로21길 55,개봉1동,37.5018073,126.8453314
서울고척초등학교병설유치원,서울특별시 구로구 경서로 31,고척1동,37.50323,126.86007
서울남유치원,서울특별시 구로구 구로동로17길 37-4,구로2동,37.48806,126.8813549
목원유치원,서울특별시 구로구 개봉로20길 6,개봉2동,37.492519,126.8603534
서울미래초등학교병설유치원,서울특별시 구로구 새말로 73,구로5동,37.5070735,126.8930094
개봉샛별유치원,서울특별시 구로구 개봉로18길 11,개봉2동,37.4910184,126.8574331
서울천왕초등학교병설유치원,서울특별시 구로구 천왕로1길 11,오류2동,37.4819141,126.8373532
사랑유치원,서울특별시 구로구 신도림로11가길 36,신도림동,37.5078863,126.8788311
서울구로남초등학교병설유치원,서울특별시 구로구 디지털로27길 76,구로3동,37.48409,126.89027
혜원유치원,서울특별시 구로구 고척로 62-11,오류1동,37.5024227,126.8487988
동부유치원,서울특별시 구로구 고척로 49,오류1동,37.5024227,126.8487988
예쁨유치원,서울특별시 구로구 부일로1길 125,수궁동,37.4959862,126.8172158
서울구일초등학교병설유치원,서울특별시 구로구 구일로 68,구로1동,37.4977475,126.8738227
서울하늘숲유치원,서울특별시 구로구 오리로 1102-19,오류2동,37.5049323,126.8282734
동정성모유치원,서울특별시 구로구 경인로2길 11,오류2동,37.4899132,126.8274029983916
바니유치원,서울특별시 구로구 구일로4길 46,구로1동,37.4918755,126.8760577
푸른동산유치원,서울특별시 구로구 서해안로 2201,오류2동,37.4787899,126.821303
꿀벌유치원,서울특별시 구로구 디지털로27다길 15,구로3동,37.4864376,126.8896261
일신유치원,서울특별시 구로구 오류로8길 22,오류2동,37.4929813,126.8451297
버들유치원,서울특별시 구로구 오류로8길 40,오류2동,37.4929813,126.8451297
동아유치원,서울특별시 구로구 신도림로 87,신도림동,37.5088666,126.8816162
신도유치원,서울특별시 구로구 구일로2길 45,구로1동,37.4889978,126.8777465
서울신미림초등학교병설유치원,서울특별시 구로구 신도림로 26,신도림동,37.5088666,126.8816162
서울고산초등학교병설유치원,서울특별시 구로구 중앙로 6,고척1동,37.5054869,126.8608235
서울항동유치원,서울특별시 구로구 연동로8길 15,항동,37.4766383,126.8246639
서울오류남초등학교병설유치원,서울특별시 구로구 서해안로24길 22,오류2동,37.4896409,126.8392488
서울정심초등학교병설유치원,서울특별시 금천구 독산로78다길 89,독산4동,37.47137015,126.9084636504609
서울백산초등학교병설유치원,서울특별시 금천구 시흥대로38길 78,시흥5동,37.44702175,126.9050096785992
참사랑유치원,서울특별시 금천구 벚꽃로 73,독산1동,37.4844953,126.8823999
조형유치원,서울특별시 금천구 독산로1길 3,시흥1동,37.4497628,126.9033999
백상유치원,서울특별시 금천구 탑골로3길 50,시흥5동,37.4534692,126.9137543625697
서울탑동유치원,서울특별시 금천구 탑골로 47-3,시흥2동,37.4509455,126.9111344
양지유치원,서울특별시 금천구 독산로108길 37,독산3동,37.4797388,126.9069902
서울국악유치원,서울특별시 금천구 시흥대로38길 62,시흥3동,37.445972,126.9065566122815
시내유치원,서울특별시 금천구 가산로 99,가산동,37.4712772,126.900436
동산유치원,서울특별시 금천구 시흥대로152길 35,독산3동,37.4778173,126.8999296
예림유치원,서울특별시 금천구 금하로 793,시흥2동,37.45354565,126.9195402303841
서울두산초등학교병설유치원,서울특별시 금천구 범안로11길 3,독산1동,37.46711620000001,126.8909993578977
한신유치원,서울특별시 금천구 한내로 62,독산1동,37.4577072,126.8897671
동일유치원,서울특별시 금천구 탑골로10길 45,시흥2동,37.45199575,126.9166881776886
럭키유치원,서울특별시 금천구 시흥대로47길 43,시흥1동,37.4500631,126.8996127137012
운현유치원,서울특별시 금천구 금하로 816,시흥2동,37.44857655,126.9186931972898
서울독산초등학교병설유치원,서울특별시 금천구 시흥대로104길 31,독산2동,37.46524455,126.9000321052792
서울금나래초등학교병설유치원,서울특별시 금천구 시흥대로79길 37,독산1동,37.45812915,126.8962653883496
서울문교초등학교병설유치원,서울특별시 금천구 독산로54길 102,독산2동,37.4665029,126.908695186923
서울상계초등학교병설유치원,서울특별시 노원구 상계로9길 39,상계2동,37.6576532,127.0673864
한울유치원,서울특별시 노원구 덕릉로122길 12-6,상계3.4동,37.6687138,127.0810284
효천유치원,서울특별시 노원구 중계로18길 14,중계본동,37.65185,127.0780688
영은유치원,서울특별시 노원구 동일로213길 78,상계6.7동,37.64834,127.05933
키즈위즈유치원,서울특별시 노원구 덕릉로86길 65,중계4동,37.6608397,127.0787916
공릉 사라유치원,서울특별시 노원구 동일로198가길 13,공릉1동,37.6308154,127.0654712
상원유치원,서울특별시 노원구 노원로19길 33,중계2.3동,37.64459,127.06833
서울수락초등학교병설유치원,서울특별시 노원구 동일로 1745,상계1동,37.6847903,127.05546
육사유치원,서울 노원구 공릉동 24-1,공릉2동,37.63021,127.08818
이레유치원,서울특별시 노원구 월계로55길 16,월계3동,37.63291,127.05964
온누리유치원,서울특별시 노원구 동일로227길 47,상계8동,37.66728,127.05394
꽃동산유치원,서울특별시 노원구 공릉로 257,공릉2동,37.6268136,127.0790507
학여울유치원,서울특별시 노원구 동일로207길 186,하계2동,37.6384439,127.0609387
효자유치원,서울특별시 노원구 마들로 111,월계3동,37.6307063,127.0631762
보고유치원,서울특별시 노원구 석계로13길 23-14,월계1동,37.6201897,127.0625495
대원유치원,서울특별시 노원구 동일로228길 29,상계9동,37.6688,127.0604801
보배유치원,서울특별시 노원구 마들로3길 37,월계3동,37.6277995,127.0633391
우리유치원,서울특별시 노원구 한글비석로 281,중계1동,37.6661065,127.0694862698991
초안유치원,서울특별시 노원구 우이천로 102,월계2동,37.6279409,127.0473411
서울수암초등학교병설유치원,서울특별시 노원구 중계로12길 9,중계본동,37.6472799,127.0817751
고운유치원,서울특별시 노원구 동일로208길 34,중계2.3동,37.6439256,127.065991
까치유치원,서울특별시 노원구 덕릉로79길 23,중계4동,37.6568353,127.0738439
동화나라유치원,서울특별시 노원구 덕릉로 780,상계3.4동,37.6759999,127.0873997
희산유치원,서울특별시 노원구 덕릉로 459-18,상계6.7동,37.6759999,127.0873997
공능유치원,서울특별시 노원구 동일로186길 27,공릉1동,37.6253484,127.075036
선덕유치원,서울특별시 노원구 섬밭로 190,하계2동,37.6443751,127.0629317
염광유치원,서울특별시 노원구 월계로45가길 9,월계2동,37.6298221,127.050926
산내들유치원,서울특별시 노원구 공릉로46길 32,공릉2동,37.6270266,127.0819800474352
미광유치원,서울특별시 노원구 공릉로34길 62,공릉2동,37.62310945,127.0833987617009
청암유치원,서울특별시 노원구 중계로 244,중계1동,37.63891,127.08268
풍천유치원,서울특별시 노원구 노원로 522,상계10동,37.63933,127.07412
하늘유치원,서울특별시 노원구 초안산로 89,월계2동,37.6285275,127.0553675
서울공릉초등학교병설유치원,서울특별시 노원구 동일로173길 12,공릉1동,37.6186099,127.0731446
아이디유치원,서울특별시 노원구 동일로221길 32,상계10동,37.6591999,127.0578107
학림유치원,서울특별시 노원구 상계로7길 25,상계2동,37.6589119,127.0625819
서울신상계초등학교병설유치원,서울특별시 노원구 상계로 267,상계3.4동,37.6545927,127.0558037
양지유치원,서울특별시 노원구 노원로30길 45,상계2동,37.6545716,127.0698507
무지개유치원,서울특별시 노원구 덕릉로94가길 54,상계3.4동,37.6642452,127.0783838
동은유치원,서울특별시 노원구 동일로207길 23,중계2.3동,37.6384439,127.0609387
두솔유치원,서울특별시 노원구 초안산로 19,월계2동,37.6285275,127.0553675
새봄유치원,서울특별시 노원구 동일로245길 162,상계1동,37.681352,127.0523756
성북유치원,서울특별시 노원구 광운로17길 5-3,월계1동,37.6222701,127.0588791
성실유치원,서울특별시 노원구 한글비석로1길 28,하계1동,37.6418244,127.0704691
예진유치원,서울특별시 노원구 섬밭로 123,공릉1동,37.6298045,127.0679053
다연유치원,서울특별시 노원구 월계로45가길 94,월계2동,37.6298221,127.050926
서울상곡초등학교병설유치원,서울특별시 노원구 노원로38길 34,상계10동,37.6629989,127.0616329
꿈모리유치원,서울특별시 노원구 공릉로58길 23,하계1동,37.6359258,127.0747629
꿈동산유치원,서울특별시 노원구 동일로227길 26,상계8동,37.66728,127.05394
삼육대학교부속유치원,서울특별시 노원구 화랑로 815,공릉2동,37.642012,127.1056210974201
서울여자대학교부속유치원,서울특별시 노원구 화랑로 621,공릉2동,37.6174636,127.0753655
서울노일유치원,서울특별시 노원구 동일로231길 26,상계1동,37.6722005,127.0539358
아랑유치원,서울특별시 노원구 동일로 1127,공릉1동,37.6847903,127.05546
사랑샘유치원,서울특별시 노원구 한글비석로 325,중계4동,37.6661065,127.0694862698991
원암유치원,서울특별시 노원구 중계로14라길 48,중계본동,37.6500795,127.0848729
토마토유치원,서울특별시 노원구 공릉로 181,공릉2동,37.62592885,127.079464420248
한양유치원,서울특별시 노원구 마들로 31,월계3동,37.6307063,127.0631762
꿈터유치원,서울특별시 노원구 동일로230길 63,상계1동,37.6723358,127.0593575
한성유치원,서울특별시 노원구 한글비석로 145,하계1동,37.6661065,127.0694862698991
서울태랑초등학교병설유치원,서울특별시 노원구 화랑로51나길 31,공릉2동,37.625403,127.0907595
서울연촌초등학교병설유치원,서울특별시 노원구 공릉로58길 36,하계1동,37.6359258,127.0747629
성희유치원,서울특별시 노원구 동일로215길 48,상계6.7동,37.6508187,127.0586197
연세유치원,서울특별시 노원구 섬밭로 265,중계2.3동,37.6443751,127.0629317
영산유치원,서울특별시 노원구 동일로216길 47,상계6.7동,37.652067,127.0640821
서울동일초등학교병설유치원,서울특별시 노원구 한글비석로 566,상계8동,37.6661065,127.0694862698991
미성유치원,서울특별시 노원구 공릉로59길 28,하계1동,37.6332596,127.0706232
청원유치원,서울특별시 노원구 한글비석로 506,상계9동,37.6661065,127.0694862698991
서울상경초등학교병설유치원,서울특별시 노원구 수락산로 237,상계8동,37.6673213,127.0709473
노원 삼육유치원,서울특별시 노원구 공릉로42길 13-1,공릉2동,37.6242336,127.0805114
서울연지유치원,서울특별시 노원구 월계로55길 16,월계3동,37.63291,127.05964
서울수락산유치원,서울특별시 노원구 동일로245길 162,상계1동,37.681352,127.0523756
서울상원초등학교병설유치원,서울특별시 노원구 한글비석로54길 119,상계9동,37.6670163,127.0619547
서울당현초등학교병설유치원,서울특별시 노원구 동일로213길 52,상계6.7동,37.64834,127.05933
서울용동초등학교병설유치원,서울특별시 노원구 한글비석로1길 81-11,중계2.3동,37.6418244,127.0704691
꿈동산아이유치원,서울특별시 노원구 동일로227길 26,상계8동,37.66728,127.05394
서울공연초등학교병설유치원,서울특별시 노원구 동일로192가길 16,공릉1동,37.6267898,127.0737318
서울계상초등학교병설유치원,서울특별시 노원구 한글비석로41가길 24,상계5동,37.6625354,127.0675617
서울태릉초등학교병설유치원,서울특별시 노원구 노원로1길 36,공릉2동,37.6199197,127.0802034
서울월천초등학교병설유치원,서울특별시 도봉구 노해로70길 96,창4동,37.64907,127.05222
햇살유치원,서울특별시 도봉구 우이천로32길 38,쌍문1동,37.6507411,127.0252859
행복한유치원,서울특별시 도봉구 시루봉로6길 86,쌍문4동,37.6589181,127.0301477
선희유치원,서울특별시 도봉구 해등로 241,쌍문2동,37.65548,127.04056
슬기유치원,서울특별시 도봉구 도봉로180나길 33-29,도봉2동,37.6832052,127.0500164
보나유치원,서울특별시 도봉구 해등로 307,방학3동,37.6580725,127.0337937
정의유치원,서울특별시 도봉구 노해로49길 69,쌍문4동,37.6518966,127.0298023
청아유치원,서울특별시 도봉구 노해로69가길 11,창4동,37.6586843,127.0478218
예랑유치원,서울특별시 도봉구 해등로4길 9,창1동,37.6488403,127.0449286
다솜유치원,서울특별시 도봉구 해등로 195,쌍문2동,37.6580725,127.0337937
현대유치원,서울특별시 도봉구 삼양로 574-38,쌍문1동,37.6544905,127.0129189
서울도봉초등학교병설유치원,서울특별시 도봉구 도봉로173길 96,도봉1동,37.6789188,127.0395983
한별유치원,서울특별시 도봉구 덕릉로59아길 17,창2동,37.6422638,127.0387387
덕성여자대학교부속유치원,서울특별시 도봉구 삼양로144길 33,쌍문1동,37.6520399,127.0144255
꿈밭유치원,서울특별시 도봉구 해등로 264,방학3동,37.65548,127.04056
서울창동초등학교병설유치원,서울특별시 도봉구 해등로16길 81,창5동,37.6549907,127.043562
삼풍유치원,서울특별시 도봉구 노해로63가길 101,창5동,37.6623145,127.0445681
자연유치원,서울특별시 도봉구 마들로 567,창4동,37.6623294,127.0458791
천사유치원,서울특별시 도봉구 해등로26길 20,쌍문4동,37.6593361,127.0327717
사랑유치원,서울특별시 도봉구 마들로 620,방학1동,37.6669434,127.045154
한사랑유치원,서울특별시 도봉구 노해로66길 79,창1동,37.64872,127.04773
솔샘유치원,서울특별시 도봉구 해등로 113,창5동,37.65548,127.04056
유화유치원,서울특별시 도봉구 시루봉로 101,방학3동,37.6563804,127.0289015
서울신창초등학교병설유치원,서울특별시 도봉구 덕릉로60길 93,창3동,37.63643,127.0412163
예그린유치원,서울특별시 도봉구 노해로 201-1,쌍문4동,37.6516,127.03981
신창유치원,서울특별시 도봉구 덕릉로 272,창3동,37.642508,127.0417172
나래유치원,서울특별시 도봉구 마들로 684-9,도봉2동,37.6623294,127.0458791
지현유치원,서울특별시 도봉구 도봉산3길 21,도봉1동,37.6870282,127.0434575
자연아이유치원,서울특별시 도봉구 도당로6길 14-11,방학1동,37.6616193,127.0366265
서울신학초등학교병설유치원,서울특별시 도봉구 방학로 247-21,방학3동,37.6637033,127.0377307
서울쌍문초등학교병설유치원,서울특별시 도봉구 우이천로 360,쌍문1동,37.64388,127.02993
서울가인초등학교병설유치원,서울특별시 도봉구 도봉로136다길 4,창5동,37.6609228,127.0426974
서울방학유치원,서울특별시 도봉구 도당로6길 14-11,방학1동,37.6616193,127.0366265
서울오봉초등학교병설유치원,서울특별시 도봉구 시루봉로 285,도봉1동,37.6563804,127.0289015
서울마들유치원,서울특별시 도봉구 마들로 567,창4동,37.6623294,127.0458791
서울숭미초등학교병설유치원,서울특별시 도봉구 노해로 179,쌍문1동,37.6516,127.03981
새일문유치원,서울특별시 동대문구 장한로 165,장안2동,37.5698209,127.0701581
백주유치원,서울특별시 동대문구 서울시립대로18길 19,전농1동,37.5804113,127.0528656
예일유치원,서울특별시 동대문구 사가정로 190,전농2동,37.5779214,127.062767
삼성유치원,서울특별시 동대문구 사가정로 65,전농1동,37.5792476,127.0753211
서울전동초등학교병설유치원,서울특별시 동대문구 전농로16길 61,전농2동,37.5786196,127.0575357
자람유치원,서울특별시 동대문구 고산자로 534,제기동,37.575405,127.0381518
서울휘경유치원,서울특별시 동대문구 망우로6길 48,휘경2동,37.5865629,127.0558167
한양유치원,서울특별시 동대문구 답십리로 184,답십리2동,37.5765595,127.0465065
세하유치원,서울특별시 동대문구 장안벚꽃로 107,장안1동,37.584937,127.0721386
서울유치원,서울특별시 동대문구 한천로58길 47,이문2동,37.6026767,127.0711083
사군자유치원,서울특별시 동대문구 장한로5길 51,장안1동,37.5658095,127.0629867
산정현유치원,서울특별시 동대문구 회기로23가길 33,회기동,37.5925232,127.0542371
푸른솔유치원,서울특별시 동대문구 전농로10길 20,답십리2동,37.5767327,127.0630182
신동아유치원,서울특별시 동대문구 무학로26길 30,용신동,37.573361,127.0324431
아이비유치원,서울특별시 동대문구 한천로 246,휘경2동,37.5828163,127.0687545468601
사랑유치원,서울특별시 동대문구 제기로 131,청량리동,37.58739245,127.0493599371101
젬마유치원,서울특별시 동대문구 이문로12길 20,이문1동,37.5928565,127.058599
소화유치원,서울특별시 동대문구 약령시로 45,제기동,37.5827858,127.0342852
그림유치원,서울특별시 동대문구 답십리로56길 21,답십리2동,37.5709021,127.0592691
홍릉유치원,서울특별시 동대문구 홍릉로29길 17,청량리동,37.5908362,127.0417002
서울장평초등학교병설유치원,서울특별시 동대문구 답십리로69길 27,장안2동,37.57352585,127.0733050776258
규전유치원,서울특별시 동대문구 휘경로 42,휘경1동,37.59455515,127.0643438078346
서울홍파초등학교병설유치원,서울특별시 동대문구 고산자로 518,제기동,37.575405,127.0381518
서울휘봉초등학교병설유치원,서울특별시 동대문구 장안벚꽃로 309,휘경2동,37.5788007,127.0762807
새소리유치원,서울특별시 동대문구 사가정로 148,전농2동,37.5779214,127.062767
서울답십리초등학교병설유치원,서울특별시 동대문구 전농로3길 23,답십리1동,37.5702048,127.0559328
서울군자초등학교병설유치원,서울특별시 동대문구 한천로6길 21,장안1동,37.564027,127.0626549
동안유치원,서울특별시 동대문구 회기로25길 67,이문1동,37.5928734,127.0567228035715
빛나유치원,서울특별시 동대문구 전농로23길 47,전농1동,37.5793764,127.0538865
경희유치원,서울특별시 동대문구 경희대로 26,회기동,37.59441475,127.051005820392
서울이문유치원,서울특별시 동대문구 신이문로 16,이문2동,37.6037515,127.0666489
정원유치원,서울특별시 동대문구 사가정로 276-19,장안2동,37.5792476,127.0753211
서울전곡초등학교병설유치원,서울특별시 동대문구 전농로 172,전농2동,37.5827082,127.0534423
라온유치원,서울특별시 동대문구 답십리로48길 56,답십리2동,37.5683314,127.0577213
서울은로초등학교병설유치원,서울특별시 동작구 서달로 115,흑석동,37.504266,126.9607704
예림유치원,서울특별시 동작구 현충로 151,흑석동,37.501805,126.9806206
서울상도유치원,서울특별시 동작구 만양로3길 48,노량진1동,37.5083876,126.9438448
총신대부속유치원,서울특별시 동작구 사당로 143,사당3동,37.4844823,126.9795463
동그라미유치원,서울특별시 동작구 사당로28길 34,사당1동,37.4788555,126.9790043
은혜유치원,서울특별시 동작구 성대로6가길 29,상도3동,37.4942835,126.9364331
서울문창초등학교병설유치원,서울특별시 동작구 신대방2길 14,신대방1동,37.4884731,126.913178
행복유치원,서울특별시 동작구 양녕로23길 25,상도4동,37.4956377,126.9418633
양문유치원,서울특별시 동작구 시흥대로 644-1,신대방1동,37.4852116,126.9035159
샛별유치원,서울특별시 동작구 상도로50길 36-1,상도1동,37.4965999,126.9498158
사랑유치원,서울특별시 동작구 여의대방로24나길 6,대방동,37.4984827,126.9224501
무지개유치원,서울특별시 동작구 상도로 407-5,상도1동,37.4994247,126.9508903
벧엘유치원,서울특별시 동작구 장승배기로20길 46-3,노량진2동,37.5093431,126.9416082
성모유치원,서울특별시 동작구 장승배기로5길 16,상도2동,37.5012469,126.9400054
서울남성초등학교병설유치원,서울특별시 동작구 사당로23길 57-14,사당3동,37.4859266,126.9754425
동아유치원,서울특별시 동작구 만양로3길 48,노량진1동,37.5083876,126.9438448
상도유치원,서울특별시 동작구 상도로47길 53,상도1동,37.5018838,126.9520546
열림유치원,서울특별시 동작구 여의대방로44길 49,대방동,37.5092532,126.9284117
메이플유치원,서울특별시 동작구 여의대방로 22,신대방1동,37.4934517,126.9109255739774
서울신남성초등학교병설유치원,서울특별시 동작구 사당로 146,사당5동,37.4844823,126.9795463
강남유치원,서울특별시 동작구 상도로41가길 13,상도1동,37.50352875,126.9498931444034
노량진교회유치원,서울특별시 동작구 노량진로30길 9,노량진1동,37.5118325,126.9561278
하랑숲유치원,서울특별시 동작구 동작대로41길 7,사당2동,37.4964473,126.98095
상아유치원,서울특별시 동작구 양녕로26길 15,상도4동,37.4969972,126.944009
소망유치원,서울특별시 동작구 현충로 119,흑석동,37.501805,126.9806206
승혜유치원,서울특별시 동작구 성대로21길 15,상도4동,37.5007393,126.9367602
요요유치원,서울특별시 동작구 여의대방로 28,신대방1동,37.4972954,126.9184949
서울강남초등학교병설유치원,서울특별시 동작구 강남초등길 15,상도1동,37.5060831,126.9521762
중앙대부속유치원,서울특별시 동작구 흑석로 47,흑석동,37.5045929,126.9502965
명수유치원,서울특별시 동작구 흑석로13길 3,흑석동,37.5101122,126.9591182
송림유치원,서울특별시 동작구 사당로2다길 95,사당5동,37.4891894,126.9631712
행복한숲유치원,서울특별시 동작구 만양로 26,노량진1동,37.5096477,126.9455378
서울노량진초등학교병설유치원,서울특별시 동작구 장승배기로 160,노량진1동,37.5051786,126.9393996
모아유치원,서울특별시 동작구 동작대로27길 62,사당2동,37.4875789,126.9811405
시현유치원,서울특별시 동작구 만양로8길 50,노량진1동,37.5084038,126.9478243
서울행림초등학교병설유치원,서울특별시 동작구 솔밭로 47,사당5동,37.4854348,126.9681859
서울은로유치원,서울특별시 동작구 서달로 115,흑석동,37.504266,126.9607704
서울본동초등학교병설유치원,서울특별시 동작구 노량진로26길 16-40,노량진1동,37.5108158,126.9551169
서울소의초등학교병설유치원,서울특별시 마포구 마포대로24길 42,공덕동,37.5540391,126.9589568
홍익대학교사범대학부속유치원,서울특별시 마포구 성미산로 111,연남동,37.5585729,126.9107677
서울마포초등학교병설유치원,서울특별시 마포구 도화2길 64,도화동,37.5394558,126.9487844
서울상암초등학교병설유치원,서울특별시 마포구 월드컵북로 353,상암동,37.5555743,126.9210715
서일유치원,서울특별시 마포구 새터산16길 14,성산2동,37.56746285,126.9081894585751
배영유치원,서울특별시 마포구 잔다리로6길 11,서교동,37.5525183,126.9198546784374
서울상지초등학교병설유치원,서울특별시 마포구 월드컵로42길 30,상암동,37.5795555,126.8814983
대진유치원,서울특별시 마포구 성미산로11길 36,성산1동,37.5630246,126.9160412
성산아트유치원,서울특별시 마포구 새터산2길 34,성산2동,37.56535575,126.9090408
정님유치원,서울특별시 마포구 숭문6길 19,염리동,37.5498324,126.9469672
나사렛유치원,서울특별시 마포구 매봉산로 24-1,상암동,37.5759521,126.8911454
서울용강초등학교병설유치원,서울특별시 마포구 백범로17길 9,대흥동,37.5486704,126.9445101
월드유치원,서울특별시 마포구 월드컵로42길 38,상암동,37.5795555,126.8814983
아이들이야기유치원,서울특별시 마포구 토정로31길 57-11,용강동,37.5414223,126.9422933
태영유치원,서울특별시 마포구 독막로 266,용강동,37.5457431,126.9438452
새현대유치원,서울특별시 마포구 새창로 52,도화동,37.5401231,126.9562071
서울창천초등학교병설유치원,서울특별시 마포구 백범로1길 56,대흥동,37.5554842,126.9397339
성결유치원,서울특별시 마포구 독막로28길 19,신수동,37.5443637,126.9367974
서울하늘초등학교병설유치원,서울특별시 마포구 월드컵북로 502-14,상암동,37.5555743,126.9210715
서울유치원,서울특별시 마포구 월드컵북로 233-1,성산2동,37.5555743,126.9210715
새싹유치원,서울특별시 마포구 월드컵북로5길 53,서교동,37.5570629,126.9153538
마포대진유치원,서울특별시 마포구 성미산로 110,연남동,37.5581136,126.9086053
돌샘유치원,서울특별시 마포구 백범로37길 12,공덕동,37.5434385,126.9546027
서울공덕초등학교병설유치원,서울특별시 마포구 만리재옛길 13,공덕동,37.5462915,126.9556926
삼성그린유치원,서울특별시 마포구 도화4길 62,도화동,37.5397437,126.952295
서울성산초등학교병설유치원,서울특별시 마포구 양화로3길 94,합정동,37.5524444,126.910772
서울동교초등학교병설유치원,서울특별시 마포구 월드컵로25길 86,망원2동,37.5576257,126.8986699
서울성서초등학교병설유치원,서울특별시 마포구 성미산로7길 24,성산1동,37.559479,126.9123724
서울중동초등학교병설유치원,서울특별시 마포구 월드컵북로 152,성산2동,37.5555743,126.9210715
서울한서초등학교병설유치원,서울특별시 마포구 대흥로24바길 27,염리동,0.0,0.0
연유치원,서울특별시 서대문구 명지대길 39-4,남가좌2동,37.5818936,126.9242022
벧엘유치원,서울특별시 서대문구 연희로10길 17-6,연희동,37.565753,126.9314022
예그린유치원,서울특별시 서대문구 홍제내길 84,홍제1동,37.5856835,126.9360061
서울인왕초등학교병설유치원,서울특별시 서대문구 세무서길 33-9,홍제3동,37.5920381,126.9475575
한양제일유치원,서울특별시 서대문구 통일로25길 30,홍제1동,37.5824203,126.9491082
경복유치원,서울특별시 서대문구 세검정로1길 95,홍은1동,37.5927242,126.9434915
조은유치원,서울특별시 서대문구 증가로 191,남가좌2동,37.5777131,126.9157575128908
현대홍익유치원,서울특별시 서대문구 모래내로 432,홍제1동,37.5710245,126.9199047
이화여자대학교사범대학부속이화유치원,서울특별시 서대문구 이화여대길 52,신촌동,37.5643371,126.9468925368939
인왕유치원,서울특별시 서대문구 통일로32길 23,홍제2동,37.5850104,126.9501929
서울북성유치원,서울특별시 서대문구 북아현로1나길 32,북아현동,37.5593591,126.9509395
삼성유치원,서울특별시 서대문구 증가로20나길 12,북가좌2동,37.5816623,126.919738
새나유치원,서울특별시 서대문구 가재울로 45,남가좌2동,37.576137,126.9209199
신촌유치원,서울특별시 서대문구 신촌로 43,신촌동,37.5580931,126.9599013
서울금화초등학교병설유치원,서울특별시 서대문구 통일로 165,천연동,37.5721014,126.9603793
해맑은유치원,서울특별시 서대문구 거북골로21길 55,북가좌1동,37.5789803,126.9071222
서울홍제초등학교병설유치원,서울특별시 서대문구 홍은중앙로 13,홍은1동,37.5936027,126.9457812
명지전문대학부속명지유치원,서울특별시 서대문구 명지2길 37,홍은2동,37.5841049,126.9281067
현대경복유치원,서울특별시 서대문구 통일로34길 66,홍제2동,37.5860693,126.949811
홍제성당유치원,서울특별시 서대문구 통일로40길 18,홍제3동,37.590338,126.9434653
세종유치원,서울특별시 서대문구 거북골로16길 36,북가좌2동,37.5773564,126.912835
신현유치원,서울특별시 서대문구 이화여대8길 28,신촌동,37.5587995,126.9479493
서울가재울초등학교병설유치원,서울특별시 서대문구 모래내로15길 61,남가좌1동,37.5744472,126.9184977
한신유치원,서울특별시 서초구 잠원로3길 31,반포3동,37.5097207,127.0050633
서울원명초등학교병설유치원,서울특별시 서초구 고무래로 90-6,서초4동,37.5005774,127.0183812
서울우솔초등학교병설유치원,서울특별시 서초구 양재대로2길 74,양재1동,37.4569859,127.0193850287023
석문유치원,서울특별시 서초구 서초대로64길 73,서초1동,37.4928829,127.0218158
여나유치원,서울특별시 서초구 서초중앙로 200,서초4동,37.5000071,127.0141109
영유유치원,서울특별시 서초구 효령로34길 72,방배3동,37.4799236,127.0009245
육영유치원,서울특별시 서초구 방배로6길 18,방배3동,37.4781149,127.0006484
우정유치원,서울특별시 서초구 서초대로70길 32,서초2동,37.4938672,127.0237443
구룡유치원,서울특별시 서초구 논현로5길 31-11,양재2동,37.4723712,127.0476085
하나유치원,서울특별시 서초구 잠원로8길 13,잠원동,37.5146254,127.0107042
서울반포초등학교병설유치원,서울특별시 서초구 신반포로 55-4,반포본동,37.509554,127.0160828
서울우면초등학교병설유치원,서울특별시 서초구 태봉로 59,양재1동,37.46486555,127.0238158005914
서울우암초등학교병설유치원,서울특별시 서초구 바우뫼로7길 38,양재1동,37.4712518,127.0246111
반포자이유치원,서울특별시 서초구 신반포로 270,반포1동,37.509554,127.0160828
영생유치원,서울특별시 서초구 신반포로19길 30,반포2동,37.504275,126.9944798
동화유치원,서울특별시 서초구 서초중앙로24길 43,서초4동,37.4948806,127.0153218
천사유치원,서울특별시 서초구 바우뫼로 99,양재1동,37.46912,127.0243
서울서래초등학교병설유치원,서울특별시 서초구 방배로 260,방배본동,37.4751703,127.0017707
반포성모유치원,서울특별시 서초구 신반포로15길 18,반포2동,37.5048908,126.9940306
서초유치원,서울특별시 서초구 양재대로2길 100-64,양재1동,37.45610495,127.01636417469
서울언남초등학교병설유치원,서울특별시 서초구 헌릉로8길 42,내곡동,37.4559295,127.0585038
새성민유치원,서울특별시 서초구 효령로 110,방배3동,37.4845638,127.0139837
새순유치원,서울특별시 서초구 서초대로15길 57,방배4동,37.4870361,126.9901215
서울방배초등학교병설유치원,서울특별시 서초구 방배중앙로13길 26,방배4동,37.4866884,126.9878076
예원유치원,서울특별시 서초구 태봉로2길 21,양재1동,37.4619455,127.0260862
서울양재유치원,서울특별시 서초구 바우뫼로18길 14,양재1동,37.4738361,127.0319606114958
서울청계숲유치원,서울특별시 서초구 청계산로11길 14,내곡동,37.4473316,127.057208
서울어진유치원,서울특별시 서초구 태봉로2길 21,양재1동,37.4619455,127.0260862
서울마장초등학교병설유치원,서울특별시 성동구 마장로35나길 31,마장동,37.5689129,127.0403192
아이들세상유치원,서울특별시 성동구 독서당로 272,금호4가동,37.5538073,127.0335861
경동유치원,서울특별시 성동구 금호로 100,금호1가동,37.55562,127.02001
송곡유치원,서울특별시 성동구 무학로6길 41,왕십리도선동,37.5651206,127.0353798
성심유치원,서울특별시 성동구 무학로10길 21,왕십리도선동,37.5661048,127.0336289792967
옥수삼성유치원,서울특별시 성동구 독서당로 218,옥수동,37.5538073,127.0335861
세성유치원,서울특별시 성동구 독서당로 434,응봉동,37.5538495,127.0340619
서울용답초등학교병설유치원,서울특별시 성동구 용답25길 1,용답동,37.5612027,127.0542025
서울송원초등학교병설유치원,서울특별시 성동구 동일로43길 9,송정동,37.5549166,127.069682
율화유치원,서울특별시 성동구 고산자로2길 35,행당1동,37.5557122,127.039347
서울성수초등학교병설유치원,서울특별시 성동구 아차산로17길 21,성수2가3동,37.5442441,127.0634367062035
에덴유치원,서울특별시 성동구 행당로 79,행당2동,37.55563,127.02528
벧엘유치원,서울특별시 성동구 행당로6길 97,행당2동,37.5548282,127.0262447
무학유치원,서울특별시 성동구 무학봉15가길 4,왕십리2동,37.5613144,127.0305365
한양여자대학교부속유치원,서울특별시 성동구 살곶이길 200,사근동,37.5584964,127.0496305209956
서울경수초등학교병설유치원,서울특별시 성동구 뚝섬로13길 22,성수2가1동,37.5398453,127.0577343
세인유치원,서울특별시 성동구 마장로42길 26,마장동,37.56588,127.04575
솔유치원,서울특별시 성동구 무학로 50,왕십리도선동,37.5641708,127.03005
서울옥수초등학교병설유치원,서울특별시 성동구 금호로1길 25,금호4가동,37.5479869,127.0240138
미타유치원,서울특별시 성동구 독서당로40길 21,옥수동,37.5429327,127.0171773
서울경동유치원,서울특별시 성동구 성수일로 34,성수1가1동,37.5469835,127.0509327
금호유치원,서울특별시 성동구 금호산2길 35,금호2.3가동,37.5490248,127.023133
옥수예일유치원,서울특별시 성동구 독서당로 191,옥수동,37.5538073,127.0335861
조은유치원,서울특별시 성동구 살곶이길 50,마장동,37.57077,127.04234
서울숭신초등학교병설유치원,서울특별시 성동구 마장로 161,왕십리도선동,37.5662545,127.0351564
서울사근초등학교병설유치원,서울특별시 성동구 사근동11길 16,사근동,37.5631097,127.0468698
서울옥정초등학교병설유치원,서울특별시 성동구 한림말길 43,옥수동,37.5405673,127.0133581
로사유치원,서울특별시 성동구 성덕정길 23,성수1가1동,37.5383344,127.0530272
서울동명초등학교병설유치원,서울특별시 성동구 마장로29길 29,마장동,37.5686792,127.036496
서울금호초등학교병설유치원,서울특별시 성동구 무수막길 69,금호2.3가동,37.5509035,127.0231576
서울경일초등학교병설유치원,서울특별시 성동구 뚝섬로 332,성수1가1동,37.5439495,127.0361144
서울무학초등학교병설유치원,서울특별시 성동구 무학봉15길 21,왕십리2동,37.5626006,127.03076
개동유치원,서울특별시 성북구 보국문로 143,정릉4동,37.6098532,127.009535
영광유치원,서울특별시 성북구 북악산로 913,돈암1동,37.5976448,127.0219412
은영유치원,서울특별시 성북구 보문사길 18,보문동,37.5848909,127.0165758
두산효자유치원,서울특별시 성북구 화랑로48길 16,석관동,37.6142656,127.0669676
새싹유치원,서울특별시 성북구 정릉로 282,정릉1동,37.607943,127.0005141
영암유치원,서울특별시 성북구 안암로7길 66,안암동,37.5807504,127.0239883
성신유치원,서울특별시 성북구 보문로34다길 2,동선동,37.5928556,127.0216796
서울장곡초등학교병설유치원,서울특별시 성북구 장월로23길 16,장위1동,37.6169994,127.0463069
빛나라유치원,서울특별시 성북구 종암로9길 78,종암동,37.5958774,127.0337064
선한유치원,서울특별시 성북구 길음로9길 73,길음1동,37.6021208,127.020856
사랑유치원,서울특별시 성북구 월곡로7길 72,종암동,37.5988381,127.0374746
아랑유치원,서울특별시 성북구 북악산로 844,돈암2동,37.5973845,127.0193227
서울청덕초등학교병설유치원,서울특별시 성북구 정릉로9라길 11,정릉3동,0.0,0.0
탑주유치원,서울특별시 성북구 화랑로13길 17,월곡2동,37.6055767,127.0422713
동선유치원,서울특별시 성북구 보문로 98,보문동,37.5793722,127.0219672
명덕유치원,서울특별시 성북구 삼양로 74,길음2동,37.6042765,127.0251374
서울돈암초등학교병설유치원,서울특별시 성북구 동소문로13길 38,동선동,37.5967632,127.0123705
희망찬유치원,서울특별시 성북구 동소문로34길 24,돈암1동,37.6009055,127.0239334
은하유치원,서울특별시 성북구 돌곶이로 64,석관동,37.6115147,127.057251
한마음유치원,서울특별시 성북구 월계로 124,장위1동,37.61212,127.03606
신암유치원,서울특별시 성북구 보문로27길 15,보문동,37.5870489,127.0178114
영재유치원,서울특별시 성북구 종암로15길 1,종암동,37.5978442,127.0340872
서울베네딕도유치원,서울특별시 성북구 아리랑로16길 52,돈암2동,37.6000748,127.0155627
광운유치원,서울특별시 성북구 장월로42길 9,장위2동,0.0,0.0
서울장월초등학교병설유치원,서울특별시 성북구 한천로101길 66,장위3동,37.6223144,127.0486905
까망유치원,서울특별시 성북구 장월로 102,장위2동,37.6108873,127.048664
해뜨는유치원,서울특별시 성북구 서경로2길 16,정릉1동,37.6055967,127.0160259
서울동신초등학교병설유치원,서울특별시 성북구 보문사길 50,보문동,37.5848909,127.0165758
나래유치원,서울특별시 성북구 삼양로 73,길음1동,37.6042765,127.0251374
새삼선유치원,서울특별시 성북구 성북로6가길 28,성북동,37.5906036,127.0052363
반디유치원,서울특별시 성북구 성북로4길 52,돈암2동,37.5955566,127.0116846960296
한가람유치원,서울특별시 성북구 서경로 166,정릉4동,37.6160493,127.0103702
서울길음유치원,서울특별시 성북구 길음로 142,길음1동,37.6041932,127.0240219
서울삼선초등학교병설유치원,서울특별시 성북구 보문로29길 106,삼선동,37.5874895,127.0152947
서울성북초등학교병설유치원,서울특별시 성북구 성북로 102-10,성북동,37.5925584,127.0024403
서울숭곡초등학교병설유치원,서울특별시 성북구 종암로40길 30,월곡1동,37.6093804,127.0317119
루이유치원,서울특별시 성북구 서경로6길 13,길음1동,37.6066933,127.0186559
덕수유치원,서울특별시 성북구 성북로 127,성북동,37.5929833,126.9969861
우촌유치원,서울특별시 성북구 성북로4길 52-1,돈암2동,37.5955566,127.0116846960296
서울길원초등학교병설유치원,서울특별시 성북구 길음로15길 55,길음1동,37.6103416,127.0170487
서울정덕초등학교병설유치원,서울특별시 성북구 아리랑로 63,동선동,37.5962462,127.0154874
예린유치원,서울특별시 성북구 종암로25길 17,종암동,37.6001742,127.0311219
영천유치원,서울특별시 성북구 장위로 34,장위1동,37.6139005,127.0394342
좋은나라유치원,서울특별시 성북구 종암로24가길 53,종암동,37.6008397,127.0379633
세아유치원,서울특별시 성북구 성북로4길 52,돈암2동,37.5955566,127.0116846960296
서울석관초등학교병설유치원,서울특별시 성북구 돌곶이로22길 21,석관동,37.6102079,127.0594029
동덕여자대학교부속유치원,서울특별시 성북구 장월로1가길 9,월곡2동,37.6078414,127.0443196
서울숭례초등학교병설유치원,서울특별시 성북구 종암로5길 14,종암동,37.5924526,127.0322095
천사유치원,서울특별시 성북구 성북로4길 52,돈암2동,37.5955566,127.0116846960296
푸른샘유치원,서울특별시 성북구 길음로13길 29,길음1동,37.6093064,127.0185206
서울좋은소리유치원,서울특별시 성북구 길음로13길 29,길음1동,37.6093064,127.0185206
서울장위초등학교병설유치원,서울특별시 성북구 장월로8가길 41,장위2동,37.6112621,127.0493531
서울좋은소리유치원분원,서울특별시 성북구 숭인로 50,길음2동,37.6122042,127.0260066
서울솔방울유치원,서울특별시 송파구 오금로24길 25,송파2동,37.504762,127.1170644
란키즈유치원,서울특별시 송파구 새말로8길 22-5,장지동,37.48077835,127.1263295795487
서울송파위례유치원,서울특별시 송파구 위례송파로 121,위례동,37.4843908,127.1473725
꿀벌유치원,서울특별시 송파구 양산로8길 8,거여2동,37.4905863,127.1480415
서울신천초등학교병설유치원,서울특별시 송파구 올림픽로 215,잠실3동,37.5303962,127.1199025
장미유치원,서울특별시 송파구 올림픽로35길 118,잠실6동,37.5169432,127.1006198
새움유치원,서울특별시 송파구 중대로27길 2,오금동,37.5038122,127.1279489
우일유치원,서울특별시 송파구 토성로 38-6,풍납2동,37.5286584,127.1133949711905
석촌유치원,서울특별시 송파구 백제고분로40길 20,석촌동,37.503225,127.1063804
샛별유치원,서울특별시 송파구 중대로9길 53-27,가락본동,37.4956352,127.1187337
동삼유치원,서울특별시 송파구 마천로41길 14,마천2동,37.4970602,127.149895
생명나무유치원,서울특별시 송파구 송파대로8길 17,장지동,37.478433,127.1310343
잠실럭키유치원,서울특별시 송파구 올림픽로 135,잠실2동,37.5303962,127.1199025
제일무궁화유치원,서울특별시 송파구 동남로16길 3,가락2동,37.4945778,127.1310031
서울송전초등학교병설유치원,서울특별시 송파구 석촌호수로 159,잠실3동,37.5085206,127.0873192
올림픽유치원,서울특별시 송파구 양재대로 1218,오륜동,37.5164973,127.1375729525906
예은유치원,서울특별시 송파구 오금로32길 13,송파2동,37.50356,127.1191
서울가락초등학교병설유치원,서울특별시 송파구 송파대로37길 45,가락1동,37.4998242,127.1078504200559
예원유치원,서울특별시 송파구 마천로 30,방이1동,37.4911647,127.1559345
햇빛유치원,서울특별시 송파구 올림픽로 419,잠실4동,37.5303962,127.1199025
서울방이초등학교병설유치원,서울특별시 송파구 위례성대로10길 4,방이1동,37.5110319,127.1201762
서울남천초등학교병설유치원,서울특별시 송파구 성내천로 207,마천2동,37.5009625,127.1509177515418
기린유치원,서울특별시 송파구 백제고분로41길 20,송파1동,37.5066374,127.1085826
그림유치원,서울특별시 송파구 동남로23나길 6,오금동,37.5017228,127.132587
아이코리아부속새세대유치원,서울특별시 송파구 충민로6길 17,장지동,37.4813795,127.1349356
별나라유치원,서울특별시 송파구 새말로8길 14,장지동,37.4814593,127.1264284765779
송파유정유치원,서울특별시 송파구 충민로 177,장지동,37.4856675,127.1331088153324
티움유치원,서울특별시 송파구 송파대로36길 32-6,송파2동,37.5020022,127.1146649
상아유치원,서울특별시 송파구 백제고분로32길 15,삼전동,37.5011835,127.0950486
서울잠일초등학교병설유치원,서울특별시 송파구 올림픽로 95,잠실2동,37.5303962,127.1199025
서울솔가람유치원,서울특별시 송파구 위례순환로 419,위례동,37.4780938,127.1464184
한가람유치원,서울특별시 송파구 한가람로 446,풍납1동,37.5233011,127.1024166
불광유치원,서울특별시 송파구 송파대로49길 23,석촌동,37.5078959,127.1040969
리아유치원,서울특별시 송파구 양재대로 1218,오륜동,37.5164973,127.1375729525906
서울거여초등학교병설유치원,서울특별시 송파구 마천로25길 18,오금동,37.5080025,127.1403446
현대유치원,서울특별시 송파구 올림픽로 525,풍납2동,37.5177821,127.1126947
혜림유치원,서울특별시 송파구 문정로13길 13,가락2동,37.4943189,127.1354297
푸른꿈유치원,서울특별시 송파구 백제고분로46길 41,송파1동,37.5081042,127.1119149
동화나라유치원,서울특별시 송파구 강동대로3길 23,풍납2동,37.5279503,127.1146123
시연유치원,서울특별시 송파구 오금로24길 25,송파2동,37.504762,127.1170644
밀알유치원,서울특별시 송파구 오금로46길 62,가락2동,37.4961652,127.1358029
서울세륜초등학교병설유치원,서울특별시 송파구 양재대로 1264,오륜동,37.5001856,127.1185973
은선유치원,서울특별시 송파구 동남로11길 27,가락2동,37.4932092,127.1285695
삼성유치원,서울특별시 송파구 문정로 83,문정1동,37.5010837,127.1413376
서울잠신초등학교병설유치원,서울특별시 송파구 잠실로 32,잠실2동,37.513417,127.1066151
꿈밭유치원,서울특별시 송파구 올림픽로4길 32,잠실7동,37.5068569,127.0746595
잠실밀알유치원,서울특별시 송파구 석촌호수로 103,잠실3동,37.5104028,127.1061292
서울평화초등학교병설유치원,서울특별시 송파구 송파대로26길 22,가락본동,37.4913113,127.1213353
아주유치원,서울특별시 송파구 양산로2길 38,거여2동,37.4881464,127.1465348
의명유치원,서울특별시 송파구 오금로35길 17,오금동,37.5047296,127.1273513
수정유치원,서울특별시 송파구 위례성대로 28,방이2동,37.5152705,127.1186567
위례우일유치원,서울특별시 송파구 성내천로47길 38-1,마천1동,37.4946396,127.156365
서울아주초등학교병설유치원,서울특별시 송파구 올림픽로4길 59,잠실7동,37.5068569,127.0746595
서울거원초등학교병설유치원,서울특별시 송파구 양산로2길 26,거여2동,37.4884261,127.1443866
서울영풍초등학교병설유치원,서울특별시 송파구 오금로57길 15,거여1동,37.4952439,127.1411986
서울위례솔초등학교병설유치원,서울특별시 송파구 위례북로2길 12,위례동,0.0,0.0
서울솔가람유치원분원,서울특별시 송파구 위례순환로 477,위례동,37.4768787,127.1351626
홍익가족유치원,서울특별시 송파구 삼학사로19길 20,삼전동,37.5057731,127.0972956
서울위례별유치원,서울특별시 송파구 위례순환로 371,위례동,37.477636,127.1453546584001
서울송파초등학교병설유치원,서울특별시 송파구 백제고분로 400,송파1동,37.50706605000001,127.1108016216153
서울강월초등학교병설유치원,서울특별시 양천구 신월로 97,신월7동,37.5145678,126.8311568
새서울유치원,서울특별시 양천구 목동서로 340,신정1동,37.5171382,126.8634216
샘터유치원,서울특별시 양천구 신월로 99,신월7동,37.5145678,126.8311568
서울경인유치원,서울특별시 양천구 안양천로 1009,목5동,37.507944,126.8718711
솔샘유치원,서울특별시 양천구 목동서로 130,목5동,37.5171382,126.8634216
서울월촌초등학교병설유치원,서울특별시 양천구 목동중앙로 132,목5동,37.54022525,126.8768431041668
솔밭유치원,서울특별시 양천구 신월로10길 2-1,신월6동,37.5107793,126.8432238
원일유치원,서울특별시 양천구 목동동로 350,목5동,37.532749,126.8778408317164
서울영도초등학교병설유치원,서울특별시 양천구 목동중앙로 70,목5동,37.5320299,126.8682728
동연유치원,서울특별시 양천구 목동중앙북로7길 22,목3동,37.54887365,126.8677302267733
목성유치원,서울특별시 양천구 목동동로 50,신정7동,37.5281789,126.8723294
서울서정초등학교병설유치원,서울특별시 양천구 목동로8길 19,목1동,37.5146044,126.8713452
서울신원초등학교병설유치원,서울특별시 양천구 남부순환로58길 32,신월3동,37.5294476,126.8314363
계상유치원,서울특별시 양천구 남부순환로86길 22,신정3동,37.5127344,126.8400337
서울양목초등학교병설유치원,서울특별시 양천구 목동로11길 30,신정4동,37.5231607,126.862026
세진유치원,서울특별시 양천구 월정로46길 9,신월5동,37.54094705,126.8327615483847
신정유치원,서울특별시 양천구 신정로7길 81-4,신정3동,37.5125898,126.8385155
목동다솜유치원,서울특별시 양천구 월정로9길 23-4,신월4동,37.5244065,126.8388708
사슴유치원,서울특별시 양천구 곰달래로9길 12,신월1동,37.5330168,126.8343455
신예유치원,서울특별시 양천구 신정로 290,신정3동,37.5120789,126.8554161
수영유치원,서울특별시 양천구 목동서로 38,목5동,37.541429,126.8797458983521
아란유치원,서울특별시 양천구 목동서로 100,목5동,37.5171382,126.8634216
서울양화초등학교병설유치원,서울특별시 양천구 목동중앙북로16길 57,목2동,37.54353165,126.8746240006682
튼튼유치원,서울특별시 양천구 중앙로52길 62,신정4동,37.525828,126.8546309
서울신은초등학교병설유치원,서울특별시 양천구 신정이펜2로 30,신정3동,37.5141099,126.8313378
성보유치원,서울특별시 양천구 목동중앙본로7길 13,목4동,37.5390429,126.8676769
어린이의정원유치원,서울특별시 양천구 목동남로4길 6-46,신정7동,37.5087299,126.8661219
광영유치원,서울특별시 양천구 남부순환로30길 17,신월3동,37.5387459,126.8254855
서울강신초등학교병설유치원,서울특별시 양천구 월정로 280,신월5동,37.54313505,126.8293911662613
레인보우유치원,서울특별시 양천구 목동중앙북로24길 19-8,목2동,37.5460278,126.8784712
세화유치원,서울특별시 양천구 목동동로 130,신정6동,37.5281789,126.8723294
양서유치원,서울특별시 양천구 신월로13길 15,신월4동,37.5188186,126.8414114
서울장수초등학교병설유치원,서울특별시 양천구 신정로13가길 30,신정3동,37.5121693,126.843483
등대유치원,서울특별시 양천구 목동동로12길 60,신정2동,37.5220956,126.8774872191343
한서유치원,서울특별시 양천구 목동동로 430,목5동,37.5348099,126.8783553
해림유치원,서울특별시 양천구 목동서로2길 22,목5동,37.5424538,126.8815961
신목유치원,서울특별시 양천구 목동중앙북로10길 7-10,목2동,37.54638345,126.8702144
빛나유치원,서울특별시 양천구 목동로 212,목1동,37.5210807,126.8661404
서울신기초등학교병설유치원,서울특별시 양천구 신정로 292,신정3동,37.5120789,126.8554161
경성유치원,서울특별시 양천구 목동로3길 57,신정7동,37.5116652,126.8629292
등촌유치원,서울특별시 양천구 목동중앙북로8길 46,목3동,37.5465903,126.8649236968547
꿈나무유치원,서울특별시 양천구 목동서로 280,신정6동,37.52224455,126.8682688969238
목동유치원,서울특별시 양천구 오목로42길 13,신정4동,37.5225734,126.8607281
서울양동초등학교병설유치원,서울특별시 양천구 오목로23길 24,신정4동,37.5257497,126.8508336
꿈꾸는유치원,서울특별시 양천구 오목로4길 8,신월4동,37.5209243,126.8418441
세신유치원,서울특별시 양천구 목동동로1길 38,신정1동,37.5167809,126.856966
서울신정유치원,서울특별시 양천구 신정로7길 81-4,신정3동,37.5125898,126.8385155
성모유치원,서울특별시 영등포구 가마산로89길 7,신길7동,37.504172,126.9213488
큰나무유치원,서울특별시 영등포구 도신로 31,대림3동,37.509179,126.9066649
평강유치원,서울특별시 영등포구 신길로 27,대림1동,37.5107607,126.9103059
은하유치원,서울특별시 영등포구 당산로28길 11,당산1동,37.524823,126.8979049
서울윤중초등학교병설유치원,서울특별시 영등포구 여의나루로2길 14,여의동,37.51947730000001,126.9228165294133
무지개영재유치원,서울특별시 영등포구 양산로17길 8,당산1동,37.525731,126.8936664
살레시오성미유치원,서울특별시 영등포구 신길로 93,신길5동,37.5107607,126.9103059
한영유치원,서울특별시 영등포구 영중로41길 5,영등포동,37.5284436,126.9056931
동천유치원,서울특별시 영등포구 신길로40길 10,신길4동,37.506927,126.9119151
명신유치원,서울특별시 영등포구 신길로41라길 13-9,신길3동,37.5077217,126.9076467
우성유치원,서울특별시 영등포구 도신로 68-1,신길3동,37.509179,126.9066649
성락유치원,서울특별시 영등포구 가마산로51길 9,신길3동,37.5039116,126.9013798
서울영동초등학교병설유치원,서울특별시 영등포구 국회대로53길 20,당산2동,37.5279587,126.9069622
서울영등포초등학교병설유치원,서울특별시 영등포구 경인로 756,문래동,37.514956,126.9024538
성심유치원,서울특별시 영등포구 도림로 339,도림동,37.5140864,126.8945363
파란나라유치원,서울특별시 영등포구 도신로8길 17,대림3동,37.5039172,126.8973899
파랑새유치원,서울특별시 영등포구 가마산로 384,대림3동,37.5041156,126.9176808
평화유치원,서울특별시 영등포구 선유동2로 40,당산2동,37.5300466,126.8948308
여의유치원,서울특별시 영등포구 국제금융로7길 3,여의동,37.5235748,126.9332478
굿프랜드유치원,서울특별시 영등포구 대방천로 180,신길6동,37.511473,126.8910655
서울도신초등학교병설유치원,서울특별시 영등포구 도림로53길 32-9,대림3동,37.4973971,126.9006456
청은유치원,서울특별시 영등포구 선유서로 76,양평1동,37.524327,126.8859398
돈보스꼬유치원,서울특별시 영등포구 도영로22길 22,도림동,37.5110468,126.9013504
여의도유치원,서울특별시 영등포구 여의동로 257,여의동,37.5287436,126.9301112
푸른나라유치원,서울특별시 영등포구 당산로35길 3,당산2동,37.5290288,126.8968671
성요셉유치원,서울특별시 영등포구 63로 45,여의동,37.5192018,126.937434
대림유치원,서울특별시 영등포구 디지털로 455-7,대림1동,37.49274,126.90365
신라유치원,서울특별시 영등포구 영등포로64길 8,영등포본동,37.513058,126.9159772
영은유치원,서울특별시 영등포구 양산로 61,양평1동,37.5245662,126.8930457
영중유치원,서울특별시 영등포구 영중로 163,영등포동,37.5312798,126.9050361
서울당중초등학교병설유치원,서울특별시 영등포구 선유로 131,양평1동,37.5296552,126.8928705
서울영중초등학교병설유치원,서울특별시 영등포구 양산로 185,영등포동,37.5245662,126.8930457
서울대동초등학교병설유치원,서울특별시 영등포구 대림로21길 6,대림2동,37.4925516,126.900139
성지유치원,서울특별시 영등포구 도신로29길 28,영등포본동,37.51242,126.9029473
서울대방초등학교병설유치원,서울특별시 영등포구 여의대방로35길 14,신길7동,37.5012818,126.9170467
침례유치원,서울특별시 영등포구 국제금융로 118,여의동,37.5195871,126.9331448
한신혜원유치원,서울특별시 영등포구 양평로24길 9,양평2동,37.5400099,126.8937794
신길에덴유치원,서울특별시 영등포구 신길로38길 21,신길4동,37.5057472,126.9127965
서울영림초등학교병설유치원,서울특별시 영등포구 시흥대로173길 14,대림2동,0.0,0.0
서울대길초등학교병설유치원,서울특별시 영등포구 대방천로 206,신길6동,37.511473,126.8910655
서울우신초등학교병설유치원,서울특별시 영등포구 신길로 190,신길4동,37.5107607,126.9103059
서울선유초등학교병설유치원,서울특별시 영등포구 선유로43가길 14,양평2동,37.5305081,126.8917234
강변유치원,서울특별시 용산구 이촌로84길 9-7,이촌1동,37.5178676,126.9765702
서울한남초등학교병설유치원,서울특별시 용산구 한남대로 112,한남동,37.532887,127.0080648
충신유치원,서울특별시 용산구 이촌로71길 14,이촌1동,37.5211598,126.9728621
일민유치원,서울특별시 용산구 효창원로 17,원효로2동,37.5445482,126.9610105
원유치원,서울특별시 용산구 이촌로81길 14,이촌1동,37.5198253,126.976708
유성유치원,서울특별시 용산구 회나무로13가길 16,이태원2동,37.5414209,126.9917366
정우유치원,서울특별시 용산구 원효로 179,원효로1동,37.5374146,126.9655875
한가람유치원,서울특별시 용산구 이촌로89길 50,이촌1동,37.5191068,126.9795873
도원유치원,서울특별시 용산구 새창로12길 11-8,용문동,37.5378177,126.9562536
서울남정초등학교병설유치원,서울특별시 용산구 원효로64길 17-10,원효로1동,37.535169,126.9644202
신동아큰나무유치원,서울특별시 용산구 이촌로 347,서빙고동,37.518159,126.9851567498659
계성유치원,서울특별시 용산구 효창원로15길 15,원효로2동,37.5361468,126.9532944
대건유치원,서울특별시 용산구 이촌로81길 38,이촌1동,37.5198253,126.976708
서울청파초등학교병설유치원,서울특별시 용산구 효창원로 228,청파동,37.5445482,126.9610105
복자유치원,서울특별시 용산구 후암로34길 21-8,후암동,37.5520538,126.9785436
서울서빙고초등학교병설유치원,서울특별시 용산구 서빙고로51길 14,서빙고동,37.5230784,126.9908587
성심유치원,서울특별시 용산구 보광로24길 9-4,보광동,37.5288773,126.9999615
서울청파유치원,서울특별시 용산구 효창원로 228,청파동,37.5445482,126.9610105
다우림유치원,서울특별시 은평구 증산로21길 22,신사1동,37.5962372,126.912348012798
서울연광초등학교병설유치원,서울특별시 은평구 연서로35길 37,불광2동,37.6239953,126.9252125
궁전유치원,서울특별시 은평구 갈현로33길 24,갈현1동,37.6209522,126.9161497
성아유치원,서울특별시 은평구 응암로14길 21,응암2동,37.5894501,126.919952
성균관유치원,서울특별시 은평구 연서로27길 23,갈현2동,37.6180688,126.9188979
동산유치원,서울특별시 은평구 증산서길 53-9,증산동,37.5790949,126.9026624
서울신도초등학교병설유치원,서울특별시 은평구 진관1로 77-23,진관동,37.63279235,126.9291107224299
서울진관유치원,서울특별시 은평구 진관2로 111-16,진관동,37.6348144,126.9310328345691
서울은빛유치원,서울특별시 은평구 진관3로 73-11,진관동,37.64284795,126.9202945608942
선일유치원,서울특별시 은평구 갈현로29길 27,갈현2동,37.6202891,126.9131465
색동유치원,서울특별시 은평구 갈현로 212-1,갈현2동,37.6255545,126.918725
하늘유치원,서울특별시 은평구 진관1로 77-15,진관동,37.6321459,126.9288096623242
서울구현초등학교병설유치원,서울특별시 은평구 갈현로15길 51,구산동,37.6089913,126.9058937
피노키오유치원,서울특별시 은평구 증산로15길 35-8,신사2동,37.5908654,126.9058047
유정유치원,서울특별시 은평구 진흥로12길 23,녹번동,37.6077841,126.9267882
와우랩유치원,서울특별시 은평구 응암로28길 34,응암2동,37.5940658,126.9219734
보람유치원,서울특별시 은평구 갈현로4길 42,신사1동,37.5999616,126.9140416
서울연은초등학교병설유치원,서울특별시 은평구 백련산로2길 35,응암2동,37.5879257,126.9254836
충암유치원,서울특별시 은평구 가좌로5길 5,응암3동,37.5862196,126.9213403
녹번유치원,서울특별시 은평구 은평로16길 11,응암1동,37.5977311,126.9315942
라라유치원,서울특별시 은평구 갈현로 170-1,구산동,37.6255545,126.918725
하나유치원,서울특별시 은평구 진관4로 93,진관동,37.64814765,126.9298582183277
서울은명초등학교병설유치원,서울특별시 은평구 은평로4길 21-9,응암1동,37.5975017,126.9169437
은혜유치원,서울특별시 은평구 통일로78가길 20,불광1동,37.6192709,126.9265653
효림유치원,서울특별시 은평구 은평터널로 65,수색동,37.5844557,126.8986274
은평국제유치원,서울특별시 은평구 은평로3가길 32,신사1동,37.5998596,126.9135024
예일유치원,서울특별시 은평구 연서로 117,구산동,37.6231559,126.9275563
백합유치원,서울특별시 은평구 연서로14길 14-5,역촌동,37.6086809,126.9172834
보림유치원,서울특별시 은평구 연서로17길 35-1,갈현2동,37.613459,126.9142826
서울수색초등학교병설유치원,서울특별시 은평구 수색로16길 21,수색동,37.5825206,126.8954284
서울연신초등학교병설유치원,서울특별시 은평구 연서로 347,불광2동,37.6231559,126.9275563
엔젤유치원,서울특별시 은평구 진흥로7길 25,역촌동,37.6049033,126.9211961
서문유치원,서울특별시 은평구 가좌로10길 10,응암3동,37.5915868,126.9167566642572
서울은평초등학교병설유치원,서울특별시 은평구 은평로 239,녹번동,37.5985517,126.9132933
서울서신초등학교병설유치원,서울특별시 은평구 은평터널로 150,신사2동,37.5825415,126.896271
자연유치원,서울특별시 은평구 통일로 630-1,녹번동,37.6098826,126.9294772
다우림명문유치원,서울특별시 은평구 진관4로 31,진관동,37.6443474,126.9248333475869
서울연천초등학교병설유치원,서울특별시 은평구 연서로34길 22,불광2동,37.6219878,126.9304429
무지개나라유치원,서울특별시 은평구 가좌로7다길 13,응암3동,37.5846992,126.9182457
자인유치원,서울특별시 은평구 갈현로 169-7,구산동,37.613337,126.9107298873664
바다의별유치원,서울특별시 은평구 통일로 790-1,불광1동,37.6098826,126.9294772
숲유치원,서울특별시 은평구 진관2로 37,진관동,37.63470955,126.9215794499868
새보람유치원,서울특별시 은평구 불광로 107,불광1동,37.6197194,126.9315786
서울불광초등학교병설유치원,서울특별시 은평구 불광로 51,불광1동,37.6183662,126.9335375
서울응암초등학교병설유치원,서울특별시 은평구 가좌로6길 20,응암3동,37.5878331,126.9213004
은평하랑유치원,서울특별시 은평구 은평로16길 9-1,응암1동,37.5977311,126.9315942
서울산울림유치원,서울특별시 은평구 진관4로 93,진관동,37.64814765,126.9298582183277
서울북한산유치원,서울특별시 은평구 진관1로 77-15,진관동,37.6321459,126.9288096623242
서울어울초등학교병설유치원,서울특별시 은평구 통일로 650,녹번동,37.6098826,126.9294772
서울역촌유치원,서울특별시 은평구 진흥로7길 25,역촌동,37.6049033,126.9211961
옥인유치원,서울특별시 종로구 자하문로 69,청운효자동,37.596846,126.9638775
한아름유치원,서울특별시 종로구 혜화로6가길 34,혜화동,37.5899204,127.001022
서울혜화초등학교병설유치원,서울특별시 종로구 혜화로 32,혜화동,37.5875025,126.9998726
배화여자대학교 부속 배화유치원,서울특별시 종로구 필운대로1길 34,청운효자동,37.5785452,126.9668749963906
상명사대부속유치원,서울특별시 종로구 홍지문2길 1,부암동,37.6015518,126.9553807
서울재동초등학교병설유치원,서울특별시 종로구 북촌로4길 7,가회동,37.57961505,126.9856013995462
청룡유치원,서울특별시 종로구 동망산길 62,숭인1동,37.57959,127.01638
운현유치원,서울특별시 종로구 삼일대로 460,종로1.2.3.4가동,37.5691089,126.9878094
서울창신초등학교병설유치원,서울특별시 종로구 지봉로 73,창신1동,37.5722606,127.0161483
봄샘유치원,서울특별시 종로구 율곡로 264,종로5.6가동,37.5757112,127.0039418
하나유치원,서울특별시 종로구 평창길 317,평창동,37.6116695,126.9650669
서울명신초등학교병설유치원,서울특별시 종로구 낙산길 250,창신3동,37.5806057,127.0166287
세종유치원,서울특별시 종로구 사직로8길 9,사직동,37.5753967,126.97002435
세검정유치원,서울특별시 종로구 자하문로 310,부암동,37.596846,126.9638775
혜화유치원,서울특별시 종로구 창경궁로 296,혜화동,37.5854724,127.0047939792376
서울청운초등학교병설유치원,서울특별시 종로구 자하문로 105,청운효자동,37.58573085,126.9695124105787
린덴바움유치원,서울특별시 종로구 통일로12길 51,무악동,37.573505,126.9602153
서울충무초등학교병설유치원,서울특별시 중구 퇴계로50길 13,장충동,37.5616318,127.0018387
영락유치원,서울특별시 중구 수표로 33,을지로동,37.567547,126.9896042
숭의여자대학교부설유치원,서울특별시 중구 소파로2길 10,필동,37.5574448,126.9878648
가명유치원,서울특별시 중구 청파로 447-1,중림동,37.5591207,126.9674944
근화유치원,서울특별시 중구 동호로20길 24,다산동,37.5597955,127.0096995
서울덕수초등학교병설유치원,서울특별시 중구 덕수궁길 140,소공동,37.5683239,126.9745090652769
서울장충유치원,서울특별시 중구 청구로17길 40,다산동,37.5572974,127.0112533
리라유치원,서울특별시 중구 소파로2길 7,필동,37.5574448,126.9878648
약수유치원,서울특별시 중구 동호로10길 30,청구동,37.5567072,127.0130598
신일유치원,서울특별시 중구 동호로10길 27,청구동,37.5567072,127.0130598
한일유치원,서울특별시 중구 퇴계로88다길 5,신당5동,37.5624389,127.0201034
일신유치원,서울특별시 중구 퇴계로6길 36,회현동,37.5572539,126.9785719
수암유치원,서울특별시 중구 다산로 32,약수동,37.5574729,127.012139
서울광희초등학교병설유치원,서울특별시 중구 다산로 269,신당동,37.56755825,127.0151389279656
서울신현초등학교병설유치원,서울특별시 중랑구 봉화산로 188,신내2동,37.6027896,127.0846172
서울신묵초등학교병설유치원,서울특별시 중랑구 동일로149길 46,묵2동,37.60715255,127.0755742638929
서울중곡초등학교병설유치원,서울특별시 중랑구 면목로23길 20,면목4동,37.5734559,127.0830817
서울면동초등학교병설유치원,서울특별시 중랑구 면목로57길 32,면목본동,37.5847733,127.0870447
신일유치원,서울특별시 중랑구 면목로44길 55,면목3.8동,37.5815246,127.092382
아랑유치원,서울특별시 중랑구 중랑역로 47,중화2동,37.6159183,127.0786621
로뎅유치원,서울특별시 중랑구 봉화산로 90,중화1동,37.6020366,127.0845981
영은유치원,서울특별시 중랑구 신내로19길 42,신내2동,37.6157797,127.0929797
서울면목초등학교병설유치원,서울특별시 중랑구 면목로 434,면목본동,37.59116365,127.0877175078311
동국유치원,서울특별시 중랑구 용마산로 250,면목4동,37.6060631,127.1008932
봄내유치원,서울특별시 중랑구 면목로61길 50,면목본동,37.5857821,127.0858748
윤경유치원,서울특별시 중랑구 숙선옹주로 91,묵1동,37.6178937,127.086884
서울묵현초등학교병설유치원,서울특별시 중랑구 동일로157길 75,묵2동,37.6096496,127.0753542
나래유치원,서울특별시 중랑구 봉우재로41길 12,상봉2동,37.5943228,127.0891525
동일유치원,서울특별시 중랑구 면목로35길 21,면목7동,37.5787651,127.0841261
미광유치원,서울특별시 중랑구 용마산로115나길 7,망우본동,37.59789925,127.0966243594857
새샛별유치원,서울특별시 중랑구 망우로 458,망우본동,37.6004459,127.1126625
색동유치원,서울특별시 중랑구 동일로109길 31,면목2동,37.5919724,127.0779293
동성유치원,서울특별시 중랑구 신내로 110,신내1동,37.6007871,127.0964775
이루니유치원,서울특별시 중랑구 신내로7다길 57,상봉1동,37.60160355,127.0918016141826
세종유치원,서울특별시 중랑구 동일로 834,중화1동,37.574111,127.0800331
수산유치원,서울특별시 중랑구 중랑역로 35-1,중화2동,37.6159183,127.0786621
서울동원초등학교병설유치원,서울특별시 중랑구 송림길 114,망우본동,37.6027541,127.1017012
누리에유치원,서울특별시 중랑구 중랑천로 20,면목2동,37.5967857,127.0716638139205
예원유치원,서울특별시 중랑구 신내로 51,신내2동,37.60589715,127.0942703627194
은성유치원,서울특별시 중랑구 동일로 752,중화1동,37.6131461,127.0773865
서울새솔유치원,서울특별시 중랑구 신내역로1길 136,신내1동,37.6149071,127.1060657
새아랑유치원,서울특별시 중랑구 신내로 151,신내2동,37.6007871,127.0964775
서안유치원,서울특별시 중랑구 동일로140길 15,중화1동,37.6054302,127.0829358
미림유치원,서울특별시 중랑구 공릉로 65,묵1동,37.6120493,127.0778172
진달래유치원,서울특별시 중랑구 상봉중앙로1가길 13,상봉1동,37.59875605000001,127.0868816932966
서울면북초등학교병설유치원,서울특별시 중랑구 용마공원로5길 32,망우3동,37.5945683,127.1034875
정암유치원,서울특별시 중랑구 용마산로118길 55,망우본동,37.6014776,127.1043084
서울중랑초등학교병설유치원,서울특별시 중랑구 봉우재로6길 26,면목2동,37.5892269,127.0753256
서울봉화초등학교병설유치원,서울특별시 중랑구 신내로15길 110,신내2동,37.61337,127.09126
서울중흥초등학교병설유치원,서울특별시 중랑구 봉화산로 82,중화1동,37.60671050000001,127.0956151767591
서울양원숲초등학교병설유치원,서울특별시 중랑구 양원역로 95,망우본동,37.60896115,127.1054997079786
서울중목초등학교병설유치원,서울특별시 중랑구 동일로 665,면목2동,37.6131461,127.0773865
